host,level_1,level_2,level_3,level_4,level_5,level_6,level_7,level_8,level_9,level_10,level_11,level_12,level_13,level_14,level_15,level_16,level_17,level_18,level_19,level_20,level_21,level_22,level_23,level_24,level_25,level_26,level_27,level_28,level_29,level_30,level_31,level_32,level_33,level_34
Tursiops truncatus,cellular organisms,Eukaryota,Opisthokonta,Metazoa,Eumetazoa,Bilateria,Deuterostomia,Chordata,Craniata,Vertebrata,Gnathostomata,Teleostomi,Euteleostomi,Sarcopterygii,Dipnotetrapodomorpha,Tetrapoda,Amniota,Mammalia,Theria,Eutheria,Boreoeutheria,Laurasiatheria,Artiodactyla,Whippomorpha,Cetacea,Odontoceti,Delphinidae,Tursiops,,,,,,
Zalophus californianus,cellular organisms,Eukaryota,Opisthokonta,Metazoa,Eumetazoa,Bilateria,Deuterostomia,Chordata,Craniata,Vertebrata,Gnathostomata,Teleostomi,Euteleostomi,Sarcopterygii,Dipnotetrapodomorpha,Tetrapoda,Amniota,Mammalia,Theria,Eutheria,Boreoeutheria,Laurasiatheria,Carnivora,Caniformia,Pinnipedia,Otariidae,Zalophus,,,,,,,
Taphozous melanopogon,cellular organisms,Eukaryota,Opisthokonta,Metazoa,Eumetazoa,Bilateria,Deuterostomia,Chordata,Craniata,Vertebrata,Gnathostomata,Teleostomi,Euteleostomi,Sarcopterygii,Dipnotetrapodomorpha,Tetrapoda,Amniota,Mammalia,Theria,Eutheria,Boreoeutheria,Laurasiatheria,Chiroptera,Yangochiroptera,Emballonuridae,Taphozoinae,Taphozous,,,,,,,
Miniopterus magnater,cellular organisms,Eukaryota,Opisthokonta,Metazoa,Eumetazoa,Bilateria,Deuterostomia,Chordata,Craniata,Vertebrata,Gnathostomata,Teleostomi,Euteleostomi,Sarcopterygii,Dipnotetrapodomorpha,Tetrapoda,Amniota,Mammalia,Theria,Eutheria,Boreoeutheria,Laurasiatheria,Chiroptera,Yangochiroptera,Miniopteridae,Miniopterus,,,,,,,,
Pipistrellus abramus,cellular organisms,Eukaryota,Opisthokonta,Metazoa,Eumetazoa,Bilateria,Deuterostomia,Chordata,Craniata,Vertebrata,Gnathostomata,Teleostomi,Euteleostomi,Sarcopterygii,Dipnotetrapodomorpha,Tetrapoda,Amniota,Mammalia,Theria,Eutheria,Boreoeutheria,Laurasiatheria,Chiroptera,Yangochiroptera,Vespertilionidae,Pipistrellus,,,,,,,,
Miniopterus pusillus,cellular organisms,Eukaryota,Opisthokonta,Metazoa,Eumetazoa,Bilateria,Deuterostomia,Chordata,Craniata,Vertebrata,Gnathostomata,Teleostomi,Euteleostomi,Sarcopterygii,Dipnotetrapodomorpha,Tetrapoda,Amniota,Mammalia,Theria,Eutheria,Boreoeutheria,Laurasiatheria,Chiroptera,Yangochiroptera,Miniopteridae,Miniopterus,,,,,,,,
Hipposideros pomona,cellular organisms,Eukaryota,Opisthokonta,Metazoa,Eumetazoa,Bilateria,Deuterostomia,Chordata,Craniata,Vertebrata,Gnathostomata,Teleostomi,Euteleostomi,Sarcopterygii,Dipnotetrapodomorpha,Tetrapoda,Amniota,Mammalia,Theria,Eutheria,Boreoeutheria,Laurasiatheria,Chiroptera,Yinpterochiroptera,Rhinolophoidea,Hipposideridae,Hipposideros,,,,,,,
Budorcas taxicolor tibetana,cellular organisms,Eukaryota,Opisthokonta,Metazoa,Eumetazoa,Bilateria,Deuterostomia,Chordata,Craniata,Vertebrata,Gnathostomata,Teleostomi,Euteleostomi,Sarcopterygii,Dipnotetrapodomorpha,Tetrapoda,Amniota,Mammalia,Theria,Eutheria,Boreoeutheria,Laurasiatheria,Artiodactyla,Ruminantia,Pecora,Bovidae,Caprinae,Budorcas,,,,,,
Rattus norvegicus,cellular organisms,Eukaryota,Opisthokonta,Metazoa,Eumetazoa,Bilateria,Deuterostomia,Chordata,Craniata,Vertebrata,Gnathostomata,Teleostomi,Euteleostomi,Sarcopterygii,Dipnotetrapodomorpha,Tetrapoda,Amniota,Mammalia,Theria,Eutheria,Boreoeutheria,Euarchontoglires,Glires,Rodentia,Myomorpha,Muroidea,Muridae,Murinae,Rattus,,,,,
Homo sapiens,cellular organisms,Eukaryota,Opisthokonta,Metazoa,Eumetazoa,Bilateria,Deuterostomia,Chordata,Craniata,Vertebrata,Gnathostomata,Teleostomi,Euteleostomi,Sarcopterygii,Dipnotetrapodomorpha,Tetrapoda,Amniota,Mammalia,Theria,Eutheria,Boreoeutheria,Euarchontoglires,Primates,Haplorrhini,Simiiformes,Catarrhini,Hominoidea,Hominidae,Homininae,Homo,,,,
Chiroptera,cellular organisms,Eukaryota,Opisthokonta,Metazoa,Eumetazoa,Bilateria,Deuterostomia,Chordata,Craniata,Vertebrata,Gnathostomata,Teleostomi,Euteleostomi,Sarcopterygii,Dipnotetrapodomorpha,Tetrapoda,Amniota,Mammalia,Theria,Eutheria,Boreoeutheria,Laurasiatheria,,,,,,,,,,,,
Sus scrofa,cellular organisms,Eukaryota,Opisthokonta,Metazoa,Eumetazoa,Bilateria,Deuterostomia,Chordata,Craniata,Vertebrata,Gnathostomata,Teleostomi,Euteleostomi,Sarcopterygii,Dipnotetrapodomorpha,Tetrapoda,Amniota,Mammalia,Theria,Eutheria,Boreoeutheria,Laurasiatheria,Artiodactyla,Suina,Suidae,Sus,,,,,,,,
Anser,cellular organisms,Eukaryota,Opisthokonta,Metazoa,Eumetazoa,Bilateria,Deuterostomia,Chordata,Craniata,Vertebrata,Gnathostomata,Teleostomi,Euteleostomi,Sarcopterygii,Dipnotetrapodomorpha,Tetrapoda,Amniota,Sauropsida,Sauria,Archelosauria,Archosauria,Dinosauria,Saurischia,Theropoda,Coelurosauria,Aves,Neognathae,Galloanserae,Anseriformes,Anatidae,Anserinae,,,
Marmota himalayana,cellular organisms,Eukaryota,Opisthokonta,Metazoa,Eumetazoa,Bilateria,Deuterostomia,Chordata,Craniata,Vertebrata,Gnathostomata,Teleostomi,Euteleostomi,Sarcopterygii,Dipnotetrapodomorpha,Tetrapoda,Amniota,Mammalia,Theria,Eutheria,Boreoeutheria,Euarchontoglires,Glires,Rodentia,Sciuromorpha,Sciuridae,Xerinae,Marmotini,Marmota,,,,,
Rattus,cellular organisms,Eukaryota,Opisthokonta,Metazoa,Eumetazoa,Bilateria,Deuterostomia,Chordata,Craniata,Vertebrata,Gnathostomata,Teleostomi,Euteleostomi,Sarcopterygii,Dipnotetrapodomorpha,Tetrapoda,Amniota,Mammalia,Theria,Eutheria,Boreoeutheria,Euarchontoglires,Glires,Rodentia,Myomorpha,Muroidea,Muridae,Murinae,,,,,,
Camelus dromedarius,cellular organisms,Eukaryota,Opisthokonta,Metazoa,Eumetazoa,Bilateria,Deuterostomia,Chordata,Craniata,Vertebrata,Gnathostomata,Teleostomi,Euteleostomi,Sarcopterygii,Dipnotetrapodomorpha,Tetrapoda,Amniota,Mammalia,Theria,Eutheria,Boreoeutheria,Laurasiatheria,Artiodactyla,Tylopoda,Camelidae,Camelus,,,,,,,,
Coracias garrulus,cellular organisms,Eukaryota,Opisthokonta,Metazoa,Eumetazoa,Bilateria,Deuterostomia,Chordata,Craniata,Vertebrata,Gnathostomata,Teleostomi,Euteleostomi,Sarcopterygii,Dipnotetrapodomorpha,Tetrapoda,Amniota,Sauropsida,Sauria,Archelosauria,Archosauria,Dinosauria,Saurischia,Theropoda,Coelurosauria,Aves,Neognathae,Neoaves,Telluraves,Coraciimorphae,Coraciiformes,Coraciidae,Coracias,
Oryctolagus cuniculus,cellular organisms,Eukaryota,Opisthokonta,Metazoa,Eumetazoa,Bilateria,Deuterostomia,Chordata,Craniata,Vertebrata,Gnathostomata,Teleostomi,Euteleostomi,Sarcopterygii,Dipnotetrapodomorpha,Tetrapoda,Amniota,Mammalia,Theria,Eutheria,Boreoeutheria,Euarchontoglires,Glires,Lagomorpha,Leporidae,Oryctolagus,,,,,,,,
Felis catus,cellular organisms,Eukaryota,Opisthokonta,Metazoa,Eumetazoa,Bilateria,Deuterostomia,Chordata,Craniata,Vertebrata,Gnathostomata,Teleostomi,Euteleostomi,Sarcopterygii,Dipnotetrapodomorpha,Tetrapoda,Amniota,Mammalia,Theria,Eutheria,Boreoeutheria,Laurasiatheria,Carnivora,Feliformia,Felidae,Felinae,Felis,,,,,,,
Bos taurus,cellular organisms,Eukaryota,Opisthokonta,Metazoa,Eumetazoa,Bilateria,Deuterostomia,Chordata,Craniata,Vertebrata,Gnathostomata,Teleostomi,Euteleostomi,Sarcopterygii,Dipnotetrapodomorpha,Tetrapoda,Amniota,Mammalia,Theria,Eutheria,Boreoeutheria,Laurasiatheria,Artiodactyla,Ruminantia,Pecora,Bovidae,Bovinae,Bos,,,,,,
Mus musculus,cellular organisms,Eukaryota,Opisthokonta,Metazoa,Eumetazoa,Bilateria,Deuterostomia,Chordata,Craniata,Vertebrata,Gnathostomata,Teleostomi,Euteleostomi,Sarcopterygii,Dipnotetrapodomorpha,Tetrapoda,Amniota,Mammalia,Theria,Eutheria,Boreoeutheria,Euarchontoglires,Glires,Rodentia,Myomorpha,Muroidea,Muridae,Murinae,Mus,Mus,,,,
Anatidae,cellular organisms,Eukaryota,Opisthokonta,Metazoa,Eumetazoa,Bilateria,Deuterostomia,Chordata,Craniata,Vertebrata,Gnathostomata,Teleostomi,Euteleostomi,Sarcopterygii,Dipnotetrapodomorpha,Tetrapoda,Amniota,Sauropsida,Sauria,Archelosauria,Archosauria,Dinosauria,Saurischia,Theropoda,Coelurosauria,Aves,Neognathae,Galloanserae,Anseriformes,,,,,
Ovis aries,cellular organisms,Eukaryota,Opisthokonta,Metazoa,Eumetazoa,Bilateria,Deuterostomia,Chordata,Craniata,Vertebrata,Gnathostomata,Teleostomi,Euteleostomi,Sarcopterygii,Dipnotetrapodomorpha,Tetrapoda,Amniota,Mammalia,Theria,Eutheria,Boreoeutheria,Laurasiatheria,Artiodactyla,Ruminantia,Pecora,Bovidae,Caprinae,Ovis,,,,,,
Meleagris gallopavo,cellular organisms,Eukaryota,Opisthokonta,Metazoa,Eumetazoa,Bilateria,Deuterostomia,Chordata,Craniata,Vertebrata,Gnathostomata,Teleostomi,Euteleostomi,Sarcopterygii,Dipnotetrapodomorpha,Tetrapoda,Amniota,Sauropsida,Sauria,Archelosauria,Archosauria,Dinosauria,Saurischia,Theropoda,Coelurosauria,Aves,Neognathae,Galloanserae,Galliformes,Phasianidae,Meleagridinae,Meleagris,,
Camelus bactrianus,cellular organisms,Eukaryota,Opisthokonta,Metazoa,Eumetazoa,Bilateria,Deuterostomia,Chordata,Craniata,Vertebrata,Gnathostomata,Teleostomi,Euteleostomi,Sarcopterygii,Dipnotetrapodomorpha,Tetrapoda,Amniota,Mammalia,Theria,Eutheria,Boreoeutheria,Laurasiatheria,Artiodactyla,Tylopoda,Camelidae,Camelus,,,,,,,,
Vulpes vulpes,cellular organisms,Eukaryota,Opisthokonta,Metazoa,Eumetazoa,Bilateria,Deuterostomia,Chordata,Craniata,Vertebrata,Gnathostomata,Teleostomi,Euteleostomi,Sarcopterygii,Dipnotetrapodomorpha,Tetrapoda,Amniota,Mammalia,Theria,Eutheria,Boreoeutheria,Laurasiatheria,Carnivora,Caniformia,Canidae,Vulpes,,,,,,,,
Canis lupus familiaris,cellular organisms,Eukaryota,Opisthokonta,Metazoa,Eumetazoa,Bilateria,Deuterostomia,Chordata,Craniata,Vertebrata,Gnathostomata,Teleostomi,Euteleostomi,Sarcopterygii,Dipnotetrapodomorpha,Tetrapoda,Amniota,Mammalia,Theria,Eutheria,Boreoeutheria,Laurasiatheria,Carnivora,Caniformia,Canidae,Canis,Canis lupus,,,,,,,
Capra hircus,cellular organisms,Eukaryota,Opisthokonta,Metazoa,Eumetazoa,Bilateria,Deuterostomia,Chordata,Craniata,Vertebrata,Gnathostomata,Teleostomi,Euteleostomi,Sarcopterygii,Dipnotetrapodomorpha,Tetrapoda,Amniota,Mammalia,Theria,Eutheria,Boreoeutheria,Laurasiatheria,Artiodactyla,Ruminantia,Pecora,Bovidae,Caprinae,Capra,,,,,,
Myotis ciliolabrum,cellular organisms,Eukaryota,Opisthokonta,Metazoa,Eumetazoa,Bilateria,Deuterostomia,Chordata,Craniata,Vertebrata,Gnathostomata,Teleostomi,Euteleostomi,Sarcopterygii,Dipnotetrapodomorpha,Tetrapoda,Amniota,Mammalia,Theria,Eutheria,Boreoeutheria,Laurasiatheria,Chiroptera,Yangochiroptera,Vespertilionidae,Myotis,,,,,,,,
Leucogeranus leucogeranus,cellular organisms,Eukaryota,Opisthokonta,Metazoa,Eumetazoa,Bilateria,Deuterostomia,Chordata,Craniata,Vertebrata,Gnathostomata,Teleostomi,Euteleostomi,Sarcopterygii,Dipnotetrapodomorpha,Tetrapoda,Amniota,Sauropsida,Sauria,Archelosauria,Archosauria,Dinosauria,Saurischia,Theropoda,Coelurosauria,Aves,Neognathae,Neoaves,Gruiformes,Gruidae,Leucogeranus,,,
Anser sp.,cellular organisms,Eukaryota,Opisthokonta,Metazoa,Eumetazoa,Bilateria,Deuterostomia,Chordata,Craniata,Vertebrata,Gnathostomata,Teleostomi,Euteleostomi,Sarcopterygii,Dipnotetrapodomorpha,Tetrapoda,Amniota,Sauropsida,Sauria,Archelosauria,Archosauria,Dinosauria,Saurischia,Theropoda,Coelurosauria,Aves,Neognathae,Galloanserae,Anseriformes,Anatidae,Anserinae,Anser,unclassified Anser,
Crocidura dracula,cellular organisms,Eukaryota,Opisthokonta,Metazoa,Eumetazoa,Bilateria,Deuterostomia,Chordata,Craniata,Vertebrata,Gnathostomata,Teleostomi,Euteleostomi,Sarcopterygii,Dipnotetrapodomorpha,Tetrapoda,Amniota,Mammalia,Theria,Eutheria,Boreoeutheria,Laurasiatheria,Eulipotyphla,Soricidae,Crocidurinae,Crocidura,,,,,,,,
Crocidura attenuata,cellular organisms,Eukaryota,Opisthokonta,Metazoa,Eumetazoa,Bilateria,Deuterostomia,Chordata,Craniata,Vertebrata,Gnathostomata,Teleostomi,Euteleostomi,Sarcopterygii,Dipnotetrapodomorpha,Tetrapoda,Amniota,Mammalia,Theria,Eutheria,Boreoeutheria,Laurasiatheria,Eulipotyphla,Soricidae,Crocidurinae,Crocidura,,,,,,,,
Uropsilus gracilis,cellular organisms,Eukaryota,Opisthokonta,Metazoa,Eumetazoa,Bilateria,Deuterostomia,Chordata,Craniata,Vertebrata,Gnathostomata,Teleostomi,Euteleostomi,Sarcopterygii,Dipnotetrapodomorpha,Tetrapoda,Amniota,Mammalia,Theria,Eutheria,Boreoeutheria,Laurasiatheria,Eulipotyphla,Talpidae,Uropsilus,,,,,,,,,
Crocidura suaveolens,cellular organisms,Eukaryota,Opisthokonta,Metazoa,Eumetazoa,Bilateria,Deuterostomia,Chordata,Craniata,Vertebrata,Gnathostomata,Teleostomi,Euteleostomi,Sarcopterygii,Dipnotetrapodomorpha,Tetrapoda,Amniota,Mammalia,Theria,Eutheria,Boreoeutheria,Laurasiatheria,Eulipotyphla,Soricidae,Crocidurinae,Crocidura,,,,,,,,
Anourosorex squamipes,cellular organisms,Eukaryota,Opisthokonta,Metazoa,Eumetazoa,Bilateria,Deuterostomia,Chordata,Craniata,Vertebrata,Gnathostomata,Teleostomi,Euteleostomi,Sarcopterygii,Dipnotetrapodomorpha,Tetrapoda,Amniota,Mammalia,Theria,Eutheria,Boreoeutheria,Laurasiatheria,Eulipotyphla,Soricidae,Soricinae,Anourosorex,,,,,,,,
Episoriculus caudatus,cellular organisms,Eukaryota,Opisthokonta,Metazoa,Eumetazoa,Bilateria,Deuterostomia,Chordata,Craniata,Vertebrata,Gnathostomata,Teleostomi,Euteleostomi,Sarcopterygii,Dipnotetrapodomorpha,Tetrapoda,Amniota,Mammalia,Theria,Eutheria,Boreoeutheria,Laurasiatheria,Eulipotyphla,Soricidae,Soricinae,Episoriculus,,,,,,,,
Suncus murinus,cellular organisms,Eukaryota,Opisthokonta,Metazoa,Eumetazoa,Bilateria,Deuterostomia,Chordata,Craniata,Vertebrata,Gnathostomata,Teleostomi,Euteleostomi,Sarcopterygii,Dipnotetrapodomorpha,Tetrapoda,Amniota,Mammalia,Theria,Eutheria,Boreoeutheria,Laurasiatheria,Eulipotyphla,Soricidae,Crocidurinae,Suncus,,,,,,,,
Gallus gallus,cellular organisms,Eukaryota,Opisthokonta,Metazoa,Eumetazoa,Bilateria,Deuterostomia,Chordata,Craniata,Vertebrata,Gnathostomata,Teleostomi,Euteleostomi,Sarcopterygii,Dipnotetrapodomorpha,Tetrapoda,Amniota,Sauropsida,Sauria,Archelosauria,Archosauria,Dinosauria,Saurischia,Theropoda,Coelurosauria,Aves,Neognathae,Galloanserae,Galliformes,Phasianidae,Phasianinae,Gallus,,
Anser anser,cellular organisms,Eukaryota,Opisthokonta,Metazoa,Eumetazoa,Bilateria,Deuterostomia,Chordata,Craniata,Vertebrata,Gnathostomata,Teleostomi,Euteleostomi,Sarcopterygii,Dipnotetrapodomorpha,Tetrapoda,Amniota,Sauropsida,Sauria,Archelosauria,Archosauria,Dinosauria,Saurischia,Theropoda,Coelurosauria,Aves,Neognathae,Galloanserae,Anseriformes,Anatidae,Anserinae,Anser,,
Sus scrofa domesticus,cellular organisms,Eukaryota,Opisthokonta,Metazoa,Eumetazoa,Bilateria,Deuterostomia,Chordata,Craniata,Vertebrata,Gnathostomata,Teleostomi,Euteleostomi,Sarcopterygii,Dipnotetrapodomorpha,Tetrapoda,Amniota,Mammalia,Theria,Eutheria,Boreoeutheria,Laurasiatheria,Artiodactyla,Suina,Suidae,Sus,Sus scrofa,,,,,,,
Cebus cuscinus,,,,,,,,,,,,,,,,,,,,,,,,,,,,,,,,,,
Cricetulus longicaudatus,cellular organisms,Eukaryota,Opisthokonta,Metazoa,Eumetazoa,Bilateria,Deuterostomia,Chordata,Craniata,Vertebrata,Gnathostomata,Teleostomi,Euteleostomi,Sarcopterygii,Dipnotetrapodomorpha,Tetrapoda,Amniota,Mammalia,Theria,Eutheria,Boreoeutheria,Euarchontoglires,Glires,Rodentia,Myomorpha,Muroidea,Cricetidae,Cricetinae,Cricetulus,,,,,
Ateles chamek,cellular organisms,Eukaryota,Opisthokonta,Metazoa,Eumetazoa,Bilateria,Deuterostomia,Chordata,Craniata,Vertebrata,Gnathostomata,Teleostomi,Euteleostomi,Sarcopterygii,Dipnotetrapodomorpha,Tetrapoda,Amniota,Mammalia,Theria,Eutheria,Boreoeutheria,Euarchontoglires,Primates,Haplorrhini,Simiiformes,Platyrrhini,Atelidae,Atelinae,Ateles,,,,,
Aythya fuligula,cellular organisms,Eukaryota,Opisthokonta,Metazoa,Eumetazoa,Bilateria,Deuterostomia,Chordata,Craniata,Vertebrata,Gnathostomata,Teleostomi,Euteleostomi,Sarcopterygii,Dipnotetrapodomorpha,Tetrapoda,Amniota,Sauropsida,Sauria,Archelosauria,Archosauria,Dinosauria,Saurischia,Theropoda,Coelurosauria,Aves,Neognathae,Galloanserae,Anseriformes,Anatidae,Aythyinae,Aythya,,
Mareca strepera,cellular organisms,Eukaryota,Opisthokonta,Metazoa,Eumetazoa,Bilateria,Deuterostomia,Chordata,Craniata,Vertebrata,Gnathostomata,Teleostomi,Euteleostomi,Sarcopterygii,Dipnotetrapodomorpha,Tetrapoda,Amniota,Sauropsida,Sauria,Archelosauria,Archosauria,Dinosauria,Saurischia,Theropoda,Coelurosauria,Aves,Neognathae,Galloanserae,Anseriformes,Anatidae,Anatinae,Mareca,,
Cairina moschata,cellular organisms,Eukaryota,Opisthokonta,Metazoa,Eumetazoa,Bilateria,Deuterostomia,Chordata,Craniata,Vertebrata,Gnathostomata,Teleostomi,Euteleostomi,Sarcopterygii,Dipnotetrapodomorpha,Tetrapoda,Amniota,Sauropsida,Sauria,Archelosauria,Archosauria,Dinosauria,Saurischia,Theropoda,Coelurosauria,Aves,Neognathae,Galloanserae,Anseriformes,Anatidae,Anatinae,Cairina,,
Phocarctos hookeri,cellular organisms,Eukaryota,Opisthokonta,Metazoa,Eumetazoa,Bilateria,Deuterostomia,Chordata,Craniata,Vertebrata,Gnathostomata,Teleostomi,Euteleostomi,Sarcopterygii,Dipnotetrapodomorpha,Tetrapoda,Amniota,Mammalia,Theria,Eutheria,Boreoeutheria,Laurasiatheria,Carnivora,Caniformia,Pinnipedia,Otariidae,Phocarctos,,,,,,,
Miniopterus fraterculus,cellular organisms,Eukaryota,Opisthokonta,Metazoa,Eumetazoa,Bilateria,Deuterostomia,Chordata,Craniata,Vertebrata,Gnathostomata,Teleostomi,Euteleostomi,Sarcopterygii,Dipnotetrapodomorpha,Tetrapoda,Amniota,Mammalia,Theria,Eutheria,Boreoeutheria,Laurasiatheria,Chiroptera,Yangochiroptera,Miniopteridae,Miniopterus,,,,,,,,
Scotophilus dinganii,cellular organisms,Eukaryota,Opisthokonta,Metazoa,Eumetazoa,Bilateria,Deuterostomia,Chordata,Craniata,Vertebrata,Gnathostomata,Teleostomi,Euteleostomi,Sarcopterygii,Dipnotetrapodomorpha,Tetrapoda,Amniota,Mammalia,Theria,Eutheria,Boreoeutheria,Laurasiatheria,Chiroptera,Yangochiroptera,Vespertilionidae,Scotophilus,,,,,,,,
Rattus tanezumi,cellular organisms,Eukaryota,Opisthokonta,Metazoa,Eumetazoa,Bilateria,Deuterostomia,Chordata,Craniata,Vertebrata,Gnathostomata,Teleostomi,Euteleostomi,Sarcopterygii,Dipnotetrapodomorpha,Tetrapoda,Amniota,Mammalia,Theria,Eutheria,Boreoeutheria,Euarchontoglires,Glires,Rodentia,Myomorpha,Muroidea,Muridae,Murinae,Rattus,,,,,
Neogale vison,cellular organisms,Eukaryota,Opisthokonta,Metazoa,Eumetazoa,Bilateria,Deuterostomia,Chordata,Craniata,Vertebrata,Gnathostomata,Teleostomi,Euteleostomi,Sarcopterygii,Dipnotetrapodomorpha,Tetrapoda,Amniota,Mammalia,Theria,Eutheria,Boreoeutheria,Laurasiatheria,Carnivora,Caniformia,Musteloidea,Mustelidae,Mustelinae,Neogale,,,,,,
Lophuromys chrysopus,cellular organisms,Eukaryota,Opisthokonta,Metazoa,Eumetazoa,Bilateria,Deuterostomia,Chordata,Craniata,Vertebrata,Gnathostomata,Teleostomi,Euteleostomi,Sarcopterygii,Dipnotetrapodomorpha,Tetrapoda,Amniota,Mammalia,Theria,Eutheria,Boreoeutheria,Euarchontoglires,Glires,Rodentia,Myomorpha,Muroidea,Muridae,Deomyinae,Lophuromys,,,,,
Mastomys erythroleucus,cellular organisms,Eukaryota,Opisthokonta,Metazoa,Eumetazoa,Bilateria,Deuterostomia,Chordata,Craniata,Vertebrata,Gnathostomata,Teleostomi,Euteleostomi,Sarcopterygii,Dipnotetrapodomorpha,Tetrapoda,Amniota,Mammalia,Theria,Eutheria,Boreoeutheria,Euarchontoglires,Glires,Rodentia,Myomorpha,Muroidea,Muridae,Murinae,Mastomys,,,,,
Miniopterus inflatus,cellular organisms,Eukaryota,Opisthokonta,Metazoa,Eumetazoa,Bilateria,Deuterostomia,Chordata,Craniata,Vertebrata,Gnathostomata,Teleostomi,Euteleostomi,Sarcopterygii,Dipnotetrapodomorpha,Tetrapoda,Amniota,Mammalia,Theria,Eutheria,Boreoeutheria,Laurasiatheria,Chiroptera,Yangochiroptera,Miniopteridae,Miniopterus,,,,,,,,
Mus setulosus,cellular organisms,Eukaryota,Opisthokonta,Metazoa,Eumetazoa,Bilateria,Deuterostomia,Chordata,Craniata,Vertebrata,Gnathostomata,Teleostomi,Euteleostomi,Sarcopterygii,Dipnotetrapodomorpha,Tetrapoda,Amniota,Mammalia,Theria,Eutheria,Boreoeutheria,Euarchontoglires,Glires,Rodentia,Myomorpha,Muroidea,Muridae,Murinae,Mus,Nannomys,,,,
Praomys rostratus,cellular organisms,Eukaryota,Opisthokonta,Metazoa,Eumetazoa,Bilateria,Deuterostomia,Chordata,Craniata,Vertebrata,Gnathostomata,Teleostomi,Euteleostomi,Sarcopterygii,Dipnotetrapodomorpha,Tetrapoda,Amniota,Mammalia,Theria,Eutheria,Boreoeutheria,Euarchontoglires,Glires,Rodentia,Myomorpha,Muroidea,Muridae,Murinae,Praomys,,,,,
Rattus rattus,cellular organisms,Eukaryota,Opisthokonta,Metazoa,Eumetazoa,Bilateria,Deuterostomia,Chordata,Craniata,Vertebrata,Gnathostomata,Teleostomi,Euteleostomi,Sarcopterygii,Dipnotetrapodomorpha,Tetrapoda,Amniota,Mammalia,Theria,Eutheria,Boreoeutheria,Euarchontoglires,Glires,Rodentia,Myomorpha,Muroidea,Muridae,Murinae,Rattus,,,,,
Corvus cornix,cellular organisms,Eukaryota,Opisthokonta,Metazoa,Eumetazoa,Bilateria,Deuterostomia,Chordata,Craniata,Vertebrata,Gnathostomata,Teleostomi,Euteleostomi,Sarcopterygii,Dipnotetrapodomorpha,Tetrapoda,Amniota,Sauropsida,Sauria,Archelosauria,Archosauria,Dinosauria,Saurischia,Theropoda,Coelurosauria,Aves,Neognathae,Neoaves,Telluraves,Australaves,Passeriformes,Corvoidea,Corvidae,Corvus
Passer montanus,cellular organisms,Eukaryota,Opisthokonta,Metazoa,Eumetazoa,Bilateria,Deuterostomia,Chordata,Craniata,Vertebrata,Gnathostomata,Teleostomi,Euteleostomi,Sarcopterygii,Dipnotetrapodomorpha,Tetrapoda,Amniota,Sauropsida,Sauria,Archelosauria,Archosauria,Dinosauria,Saurischia,Theropoda,Coelurosauria,Aves,Neognathae,Neoaves,Telluraves,Australaves,Passeriformes,Passeroidea,Passeridae,Passer
Corvus frugilegus,cellular organisms,Eukaryota,Opisthokonta,Metazoa,Eumetazoa,Bilateria,Deuterostomia,Chordata,Craniata,Vertebrata,Gnathostomata,Teleostomi,Euteleostomi,Sarcopterygii,Dipnotetrapodomorpha,Tetrapoda,Amniota,Sauropsida,Sauria,Archelosauria,Archosauria,Dinosauria,Saurischia,Theropoda,Coelurosauria,Aves,Neognathae,Neoaves,Telluraves,Australaves,Passeriformes,Corvoidea,Corvidae,Corvus
Hemidactylus frenatus,cellular organisms,Eukaryota,Opisthokonta,Metazoa,Eumetazoa,Bilateria,Deuterostomia,Chordata,Craniata,Vertebrata,Gnathostomata,Teleostomi,Euteleostomi,Sarcopterygii,Dipnotetrapodomorpha,Tetrapoda,Amniota,Sauropsida,Sauria,Lepidosauria,Squamata,Bifurcata,Gekkota,Gekkonidae,Gekkoninae,Hemidactylus,,,,,,,,
Gekko chinensis,cellular organisms,Eukaryota,Opisthokonta,Metazoa,Eumetazoa,Bilateria,Deuterostomia,Chordata,Craniata,Vertebrata,Gnathostomata,Teleostomi,Euteleostomi,Sarcopterygii,Dipnotetrapodomorpha,Tetrapoda,Amniota,Sauropsida,Sauria,Lepidosauria,Squamata,Bifurcata,Gekkota,Gekkonidae,Gekkoninae,Gekko,,,,,,,,
Mormopterus francoismoutoui,cellular organisms,Eukaryota,Opisthokonta,Metazoa,Eumetazoa,Bilateria,Deuterostomia,Chordata,Craniata,Vertebrata,Gnathostomata,Teleostomi,Euteleostomi,Sarcopterygii,Dipnotetrapodomorpha,Tetrapoda,Amniota,Mammalia,Theria,Eutheria,Boreoeutheria,Laurasiatheria,Chiroptera,Yangochiroptera,Molossidae,Mormopterus,,,,,,,,
Columba livia,cellular organisms,Eukaryota,Opisthokonta,Metazoa,Eumetazoa,Bilateria,Deuterostomia,Chordata,Craniata,Vertebrata,Gnathostomata,Teleostomi,Euteleostomi,Sarcopterygii,Dipnotetrapodomorpha,Tetrapoda,Amniota,Sauropsida,Sauria,Archelosauria,Archosauria,Dinosauria,Saurischia,Theropoda,Coelurosauria,Aves,Neognathae,Neoaves,Columbimorphae,Columbiformes,Columbidae,Columba,,
Nyctereutes procyonoides,cellular organisms,Eukaryota,Opisthokonta,Metazoa,Eumetazoa,Bilateria,Deuterostomia,Chordata,Craniata,Vertebrata,Gnathostomata,Teleostomi,Euteleostomi,Sarcopterygii,Dipnotetrapodomorpha,Tetrapoda,Amniota,Mammalia,Theria,Eutheria,Boreoeutheria,Laurasiatheria,Carnivora,Caniformia,Canidae,Nyctereutes,,,,,,,,
Miniopterus fuliginosus,cellular organisms,Eukaryota,Opisthokonta,Metazoa,Eumetazoa,Bilateria,Deuterostomia,Chordata,Craniata,Vertebrata,Gnathostomata,Teleostomi,Euteleostomi,Sarcopterygii,Dipnotetrapodomorpha,Tetrapoda,Amniota,Mammalia,Theria,Eutheria,Boreoeutheria,Laurasiatheria,Chiroptera,Yangochiroptera,Miniopteridae,Miniopterus,,,,,,,,
Rhinolophus ferrumequinum,cellular organisms,Eukaryota,Opisthokonta,Metazoa,Eumetazoa,Bilateria,Deuterostomia,Chordata,Craniata,Vertebrata,Gnathostomata,Teleostomi,Euteleostomi,Sarcopterygii,Dipnotetrapodomorpha,Tetrapoda,Amniota,Mammalia,Theria,Eutheria,Boreoeutheria,Laurasiatheria,Chiroptera,Yinpterochiroptera,Rhinolophoidea,Rhinolophidae,Rhinolophinae,Rhinolophus,,,,,,
Myotis macrodactylus,cellular organisms,Eukaryota,Opisthokonta,Metazoa,Eumetazoa,Bilateria,Deuterostomia,Chordata,Craniata,Vertebrata,Gnathostomata,Teleostomi,Euteleostomi,Sarcopterygii,Dipnotetrapodomorpha,Tetrapoda,Amniota,Mammalia,Theria,Eutheria,Boreoeutheria,Laurasiatheria,Chiroptera,Yangochiroptera,Vespertilionidae,Myotis,,,,,,,,
Anas platyrhynchos,cellular organisms,Eukaryota,Opisthokonta,Metazoa,Eumetazoa,Bilateria,Deuterostomia,Chordata,Craniata,Vertebrata,Gnathostomata,Teleostomi,Euteleostomi,Sarcopterygii,Dipnotetrapodomorpha,Tetrapoda,Amniota,Sauropsida,Sauria,Archelosauria,Archosauria,Dinosauria,Saurischia,Theropoda,Coelurosauria,Aves,Neognathae,Galloanserae,Anseriformes,Anatidae,Anatinae,Anas,,
Urva auropunctata,cellular organisms,Eukaryota,Opisthokonta,Metazoa,Eumetazoa,Bilateria,Deuterostomia,Chordata,Craniata,Vertebrata,Gnathostomata,Teleostomi,Euteleostomi,Sarcopterygii,Dipnotetrapodomorpha,Tetrapoda,Amniota,Mammalia,Theria,Eutheria,Boreoeutheria,Laurasiatheria,Carnivora,Feliformia,Herpestidae,Urva,,,,,,,,
Mareca falcata,cellular organisms,Eukaryota,Opisthokonta,Metazoa,Eumetazoa,Bilateria,Deuterostomia,Chordata,Craniata,Vertebrata,Gnathostomata,Teleostomi,Euteleostomi,Sarcopterygii,Dipnotetrapodomorpha,Tetrapoda,Amniota,Sauropsida,Sauria,Archelosauria,Archosauria,Dinosauria,Saurischia,Theropoda,Coelurosauria,Aves,Neognathae,Galloanserae,Anseriformes,Anatidae,Anatinae,Mareca,,
Eidolon dupreanum,cellular organisms,Eukaryota,Opisthokonta,Metazoa,Eumetazoa,Bilateria,Deuterostomia,Chordata,Craniata,Vertebrata,Gnathostomata,Teleostomi,Euteleostomi,Sarcopterygii,Dipnotetrapodomorpha,Tetrapoda,Amniota,Mammalia,Theria,Eutheria,Boreoeutheria,Laurasiatheria,Chiroptera,Yinpterochiroptera,Pteropodoidea,Pteropodidae,Pteropodinae,Eidolon,,,,,,
Rousettus madagascariensis,cellular organisms,Eukaryota,Opisthokonta,Metazoa,Eumetazoa,Bilateria,Deuterostomia,Chordata,Craniata,Vertebrata,Gnathostomata,Teleostomi,Euteleostomi,Sarcopterygii,Dipnotetrapodomorpha,Tetrapoda,Amniota,Mammalia,Theria,Eutheria,Boreoeutheria,Laurasiatheria,Chiroptera,Yinpterochiroptera,Pteropodoidea,Pteropodidae,Rousettinae,Rousettus,,,,,,
Nyctalus noctula,cellular organisms,Eukaryota,Opisthokonta,Metazoa,Eumetazoa,Bilateria,Deuterostomia,Chordata,Craniata,Vertebrata,Gnathostomata,Teleostomi,Euteleostomi,Sarcopterygii,Dipnotetrapodomorpha,Tetrapoda,Amniota,Mammalia,Theria,Eutheria,Boreoeutheria,Laurasiatheria,Chiroptera,Yangochiroptera,Vespertilionidae,Nyctalus,,,,,,,,
Coleura afra,cellular organisms,Eukaryota,Opisthokonta,Metazoa,Eumetazoa,Bilateria,Deuterostomia,Chordata,Craniata,Vertebrata,Gnathostomata,Teleostomi,Euteleostomi,Sarcopterygii,Dipnotetrapodomorpha,Tetrapoda,Amniota,Mammalia,Theria,Eutheria,Boreoeutheria,Laurasiatheria,Chiroptera,Yangochiroptera,Emballonuridae,Emballonurinae,Coleura,,,,,,,
Mops condylurus,cellular organisms,Eukaryota,Opisthokonta,Metazoa,Eumetazoa,Bilateria,Deuterostomia,Chordata,Craniata,Vertebrata,Gnathostomata,Teleostomi,Euteleostomi,Sarcopterygii,Dipnotetrapodomorpha,Tetrapoda,Amniota,Mammalia,Theria,Eutheria,Boreoeutheria,Laurasiatheria,Chiroptera,Yangochiroptera,Molossidae,Mops,,,,,,,,
Cardioderma cor,cellular organisms,Eukaryota,Opisthokonta,Metazoa,Eumetazoa,Bilateria,Deuterostomia,Chordata,Craniata,Vertebrata,Gnathostomata,Teleostomi,Euteleostomi,Sarcopterygii,Dipnotetrapodomorpha,Tetrapoda,Amniota,Mammalia,Theria,Eutheria,Boreoeutheria,Laurasiatheria,Chiroptera,Yinpterochiroptera,Rhinolophoidea,Megadermatidae,Cardioderma,,,,,,,
Miniopterus sp. clade 10 TD-2020,cellular organisms,Eukaryota,Opisthokonta,Metazoa,Eumetazoa,Bilateria,Deuterostomia,Chordata,Craniata,Vertebrata,Gnathostomata,Teleostomi,Euteleostomi,Sarcopterygii,Dipnotetrapodomorpha,Tetrapoda,Amniota,Mammalia,Theria,Eutheria,Boreoeutheria,Laurasiatheria,Chiroptera,Yangochiroptera,Miniopteridae,Miniopterus,unclassified Miniopterus,,,,,,,
Hipposideros caffer,cellular organisms,Eukaryota,Opisthokonta,Metazoa,Eumetazoa,Bilateria,Deuterostomia,Chordata,Craniata,Vertebrata,Gnathostomata,Teleostomi,Euteleostomi,Sarcopterygii,Dipnotetrapodomorpha,Tetrapoda,Amniota,Mammalia,Theria,Eutheria,Boreoeutheria,Laurasiatheria,Chiroptera,Yinpterochiroptera,Rhinolophoidea,Hipposideridae,Hipposideros,,,,,,,
Miniopterus sp. clade 1 TD-2020,cellular organisms,Eukaryota,Opisthokonta,Metazoa,Eumetazoa,Bilateria,Deuterostomia,Chordata,Craniata,Vertebrata,Gnathostomata,Teleostomi,Euteleostomi,Sarcopterygii,Dipnotetrapodomorpha,Tetrapoda,Amniota,Mammalia,Theria,Eutheria,Boreoeutheria,Laurasiatheria,Chiroptera,Yangochiroptera,Miniopteridae,Miniopterus,unclassified Miniopterus,,,,,,,
Rousettus aegyptiacus,cellular organisms,Eukaryota,Opisthokonta,Metazoa,Eumetazoa,Bilateria,Deuterostomia,Chordata,Craniata,Vertebrata,Gnathostomata,Teleostomi,Euteleostomi,Sarcopterygii,Dipnotetrapodomorpha,Tetrapoda,Amniota,Mammalia,Theria,Eutheria,Boreoeutheria,Laurasiatheria,Chiroptera,Yinpterochiroptera,Pteropodoidea,Pteropodidae,Rousettinae,Rousettus,,,,,,
Miniopterus sp. B76,cellular organisms,Eukaryota,Opisthokonta,Metazoa,Eumetazoa,Bilateria,Deuterostomia,Chordata,Craniata,Vertebrata,Gnathostomata,Teleostomi,Euteleostomi,Sarcopterygii,Dipnotetrapodomorpha,Tetrapoda,Amniota,Mammalia,Theria,Eutheria,Boreoeutheria,Laurasiatheria,Chiroptera,Yangochiroptera,Miniopteridae,Miniopterus,unclassified Miniopterus,,,,,,,
Miniopterus minor,cellular organisms,Eukaryota,Opisthokonta,Metazoa,Eumetazoa,Bilateria,Deuterostomia,Chordata,Craniata,Vertebrata,Gnathostomata,Teleostomi,Euteleostomi,Sarcopterygii,Dipnotetrapodomorpha,Tetrapoda,Amniota,Mammalia,Theria,Eutheria,Boreoeutheria,Laurasiatheria,Chiroptera,Yangochiroptera,Miniopteridae,Miniopterus,,,,,,,,
Aethomys hindei,cellular organisms,Eukaryota,Opisthokonta,Metazoa,Eumetazoa,Bilateria,Deuterostomia,Chordata,Craniata,Vertebrata,Gnathostomata,Teleostomi,Euteleostomi,Sarcopterygii,Dipnotetrapodomorpha,Tetrapoda,Amniota,Mammalia,Theria,Eutheria,Boreoeutheria,Euarchontoglires,Glires,Rodentia,Myomorpha,Muroidea,Muridae,Murinae,Aethomys,,,,,
Miniopterus schreibersii,cellular organisms,Eukaryota,Opisthokonta,Metazoa,Eumetazoa,Bilateria,Deuterostomia,Chordata,Craniata,Vertebrata,Gnathostomata,Teleostomi,Euteleostomi,Sarcopterygii,Dipnotetrapodomorpha,Tetrapoda,Amniota,Mammalia,Theria,Eutheria,Boreoeutheria,Laurasiatheria,Chiroptera,Yangochiroptera,Miniopteridae,Miniopterus,,,,,,,,
Myotis ricketti,cellular organisms,Eukaryota,Opisthokonta,Metazoa,Eumetazoa,Bilateria,Deuterostomia,Chordata,Craniata,Vertebrata,Gnathostomata,Teleostomi,Euteleostomi,Sarcopterygii,Dipnotetrapodomorpha,Tetrapoda,Amniota,Mammalia,Theria,Eutheria,Boreoeutheria,Laurasiatheria,Chiroptera,Yangochiroptera,Vespertilionidae,Myotis,,,,,,,,
Eptesicus pachyomus,cellular organisms,Eukaryota,Opisthokonta,Metazoa,Eumetazoa,Bilateria,Deuterostomia,Chordata,Craniata,Vertebrata,Gnathostomata,Teleostomi,Euteleostomi,Sarcopterygii,Dipnotetrapodomorpha,Tetrapoda,Amniota,Mammalia,Theria,Eutheria,Boreoeutheria,Laurasiatheria,Chiroptera,Yangochiroptera,Vespertilionidae,Cnephaeus,,,,,,,,
Tylonycteris robustula,cellular organisms,Eukaryota,Opisthokonta,Metazoa,Eumetazoa,Bilateria,Deuterostomia,Chordata,Craniata,Vertebrata,Gnathostomata,Teleostomi,Euteleostomi,Sarcopterygii,Dipnotetrapodomorpha,Tetrapoda,Amniota,Mammalia,Theria,Eutheria,Boreoeutheria,Laurasiatheria,Chiroptera,Yangochiroptera,Vespertilionidae,Tylonycteris,,,,,,,,
Scotophilus kuhlii,cellular organisms,Eukaryota,Opisthokonta,Metazoa,Eumetazoa,Bilateria,Deuterostomia,Chordata,Craniata,Vertebrata,Gnathostomata,Teleostomi,Euteleostomi,Sarcopterygii,Dipnotetrapodomorpha,Tetrapoda,Amniota,Mammalia,Theria,Eutheria,Boreoeutheria,Laurasiatheria,Chiroptera,Yangochiroptera,Vespertilionidae,Scotophilus,,,,,,,,
Rhinolophus pusillus,cellular organisms,Eukaryota,Opisthokonta,Metazoa,Eumetazoa,Bilateria,Deuterostomia,Chordata,Craniata,Vertebrata,Gnathostomata,Teleostomi,Euteleostomi,Sarcopterygii,Dipnotetrapodomorpha,Tetrapoda,Amniota,Mammalia,Theria,Eutheria,Boreoeutheria,Laurasiatheria,Chiroptera,Yinpterochiroptera,Rhinolophoidea,Rhinolophidae,Rhinolophinae,Rhinolophus,,,,,,
Nyctalus plancyi,cellular organisms,Eukaryota,Opisthokonta,Metazoa,Eumetazoa,Bilateria,Deuterostomia,Chordata,Craniata,Vertebrata,Gnathostomata,Teleostomi,Euteleostomi,Sarcopterygii,Dipnotetrapodomorpha,Tetrapoda,Amniota,Mammalia,Theria,Eutheria,Boreoeutheria,Laurasiatheria,Chiroptera,Yangochiroptera,Vespertilionidae,Nyctalus,,,,,,,,
Betta splendens,cellular organisms,Eukaryota,Opisthokonta,Metazoa,Eumetazoa,Bilateria,Deuterostomia,Chordata,Craniata,Vertebrata,Gnathostomata,Teleostomi,Euteleostomi,Actinopterygii,Actinopteri,Neopterygii,Teleostei,Osteoglossocephalai,Clupeocephala,Euteleosteomorpha,Neoteleostei,Eurypterygia,Ctenosquamata,Acanthomorphata,Euacanthomorphacea,Percomorphaceae,Anabantaria,Anabantiformes,Anabantoidei,Osphronemidae,Macropodinae,Betta,,
Myotis chinensis,cellular organisms,Eukaryota,Opisthokonta,Metazoa,Eumetazoa,Bilateria,Deuterostomia,Chordata,Craniata,Vertebrata,Gnathostomata,Teleostomi,Euteleostomi,Sarcopterygii,Dipnotetrapodomorpha,Tetrapoda,Amniota,Mammalia,Theria,Eutheria,Boreoeutheria,Laurasiatheria,Chiroptera,Yangochiroptera,Vespertilionidae,Myotis,,,,,,,,
Rhinolophus affinis,cellular organisms,Eukaryota,Opisthokonta,Metazoa,Eumetazoa,Bilateria,Deuterostomia,Chordata,Craniata,Vertebrata,Gnathostomata,Teleostomi,Euteleostomi,Sarcopterygii,Dipnotetrapodomorpha,Tetrapoda,Amniota,Mammalia,Theria,Eutheria,Boreoeutheria,Laurasiatheria,Chiroptera,Yinpterochiroptera,Rhinolophoidea,Rhinolophidae,Rhinolophinae,Rhinolophus,,,,,,
Chiroptera sp.,,,,,,,,,,,,,,,,,,,,,,,,,,,,,,,,,,
Rhinolophus sinicus,cellular organisms,Eukaryota,Opisthokonta,Metazoa,Eumetazoa,Bilateria,Deuterostomia,Chordata,Craniata,Vertebrata,Gnathostomata,Teleostomi,Euteleostomi,Sarcopterygii,Dipnotetrapodomorpha,Tetrapoda,Amniota,Mammalia,Theria,Eutheria,Boreoeutheria,Laurasiatheria,Chiroptera,Yinpterochiroptera,Rhinolophoidea,Rhinolophidae,Rhinolophinae,Rhinolophus,,,,,,
Tylonycteris pachypus,cellular organisms,Eukaryota,Opisthokonta,Metazoa,Eumetazoa,Bilateria,Deuterostomia,Chordata,Craniata,Vertebrata,Gnathostomata,Teleostomi,Euteleostomi,Sarcopterygii,Dipnotetrapodomorpha,Tetrapoda,Amniota,Mammalia,Theria,Eutheria,Boreoeutheria,Laurasiatheria,Chiroptera,Yangochiroptera,Vespertilionidae,Tylonycteris,,,,,,,,
Hipposideros larvatus,cellular organisms,Eukaryota,Opisthokonta,Metazoa,Eumetazoa,Bilateria,Deuterostomia,Chordata,Craniata,Vertebrata,Gnathostomata,Teleostomi,Euteleostomi,Sarcopterygii,Dipnotetrapodomorpha,Tetrapoda,Amniota,Mammalia,Theria,Eutheria,Boreoeutheria,Laurasiatheria,Chiroptera,Yinpterochiroptera,Rhinolophoidea,Hipposideridae,Hipposideros,Hipposideros larvatus sensu lato,,,,,,
Chondrichthyes,cellular organisms,Eukaryota,Opisthokonta,Metazoa,Eumetazoa,Bilateria,Deuterostomia,Chordata,Craniata,Vertebrata,Gnathostomata,,,,,,,,,,,,,,,,,,,,,,,
Myotis siligorensis,cellular organisms,Eukaryota,Opisthokonta,Metazoa,Eumetazoa,Bilateria,Deuterostomia,Chordata,Craniata,Vertebrata,Gnathostomata,Teleostomi,Euteleostomi,Sarcopterygii,Dipnotetrapodomorpha,Tetrapoda,Amniota,Mammalia,Theria,Eutheria,Boreoeutheria,Laurasiatheria,Chiroptera,Yangochiroptera,Vespertilionidae,Myotis,,,,,,,,
Myotis adversus,cellular organisms,Eukaryota,Opisthokonta,Metazoa,Eumetazoa,Bilateria,Deuterostomia,Chordata,Craniata,Vertebrata,Gnathostomata,Teleostomi,Euteleostomi,Sarcopterygii,Dipnotetrapodomorpha,Tetrapoda,Amniota,Mammalia,Theria,Eutheria,Boreoeutheria,Laurasiatheria,Chiroptera,Yangochiroptera,Vespertilionidae,Myotis,,,,,,,,
Rousettus leschenaultii,cellular organisms,Eukaryota,Opisthokonta,Metazoa,Eumetazoa,Bilateria,Deuterostomia,Chordata,Craniata,Vertebrata,Gnathostomata,Teleostomi,Euteleostomi,Sarcopterygii,Dipnotetrapodomorpha,Tetrapoda,Amniota,Mammalia,Theria,Eutheria,Boreoeutheria,Laurasiatheria,Chiroptera,Yinpterochiroptera,Pteropodoidea,Pteropodidae,Rousettinae,Rousettus,,,,,,
Myotis laniger,cellular organisms,Eukaryota,Opisthokonta,Metazoa,Eumetazoa,Bilateria,Deuterostomia,Chordata,Craniata,Vertebrata,Gnathostomata,Teleostomi,Euteleostomi,Sarcopterygii,Dipnotetrapodomorpha,Tetrapoda,Amniota,Mammalia,Theria,Eutheria,Boreoeutheria,Laurasiatheria,Chiroptera,Yangochiroptera,Vespertilionidae,Myotis,,,,,,,,
Taphozous sp.,cellular organisms,Eukaryota,Opisthokonta,Metazoa,Eumetazoa,Bilateria,Deuterostomia,Chordata,Craniata,Vertebrata,Gnathostomata,Teleostomi,Euteleostomi,Sarcopterygii,Dipnotetrapodomorpha,Tetrapoda,Amniota,Mammalia,Theria,Eutheria,Boreoeutheria,Laurasiatheria,Chiroptera,Yangochiroptera,Emballonuridae,Taphozoinae,Taphozous,unclassified Taphozous,,,,,,
Hipposideros,cellular organisms,Eukaryota,Opisthokonta,Metazoa,Eumetazoa,Bilateria,Deuterostomia,Chordata,Craniata,Vertebrata,Gnathostomata,Teleostomi,Euteleostomi,Sarcopterygii,Dipnotetrapodomorpha,Tetrapoda,Amniota,Mammalia,Theria,Eutheria,Boreoeutheria,Laurasiatheria,Chiroptera,Yinpterochiroptera,Rhinolophoidea,Hipposideridae,,,,,,,,
Myotis sp.,cellular organisms,Eukaryota,Opisthokonta,Metazoa,Eumetazoa,Bilateria,Deuterostomia,Chordata,Craniata,Vertebrata,Gnathostomata,Teleostomi,Euteleostomi,Sarcopterygii,Dipnotetrapodomorpha,Tetrapoda,Amniota,Mammalia,Theria,Eutheria,Boreoeutheria,Laurasiatheria,Chiroptera,Yangochiroptera,Vespertilionidae,Myotis,unclassified Myotis,,,,,,,
Oligosoma aeneum,cellular organisms,Eukaryota,Opisthokonta,Metazoa,Eumetazoa,Bilateria,Deuterostomia,Chordata,Craniata,Vertebrata,Gnathostomata,Teleostomi,Euteleostomi,Sarcopterygii,Dipnotetrapodomorpha,Tetrapoda,Amniota,Sauropsida,Sauria,Lepidosauria,Squamata,Bifurcata,Unidentata,Scinciformata,Scincidae,Eugongylinae,Oligosoma,,,,,,,
Woodworthia maculata,cellular organisms,Eukaryota,Opisthokonta,Metazoa,Eumetazoa,Bilateria,Deuterostomia,Chordata,Craniata,Vertebrata,Gnathostomata,Teleostomi,Euteleostomi,Sarcopterygii,Dipnotetrapodomorpha,Tetrapoda,Amniota,Sauropsida,Sauria,Lepidosauria,Squamata,Bifurcata,Gekkota,Pygopoidea,Diplodactylidae,Woodworthia,,,,,,,,
Microgale brevicaudata,cellular organisms,Eukaryota,Opisthokonta,Metazoa,Eumetazoa,Bilateria,Deuterostomia,Chordata,Craniata,Vertebrata,Gnathostomata,Teleostomi,Euteleostomi,Sarcopterygii,Dipnotetrapodomorpha,Tetrapoda,Amniota,Mammalia,Theria,Eutheria,Afrotheria,Afrosoricida,Tenrecidae,Oryzorictinae,Microgale,,,,,,,,,
Columba,cellular organisms,Eukaryota,Opisthokonta,Metazoa,Eumetazoa,Bilateria,Deuterostomia,Chordata,Craniata,Vertebrata,Gnathostomata,Teleostomi,Euteleostomi,Sarcopterygii,Dipnotetrapodomorpha,Tetrapoda,Amniota,Sauropsida,Sauria,Archelosauria,Archosauria,Dinosauria,Saurischia,Theropoda,Coelurosauria,Aves,Neognathae,Neoaves,Columbimorphae,Columbiformes,Columbidae,,,
Dicentrarchus labrax,cellular organisms,Eukaryota,Opisthokonta,Metazoa,Eumetazoa,Bilateria,Deuterostomia,Chordata,Craniata,Vertebrata,Gnathostomata,Teleostomi,Euteleostomi,Actinopterygii,Actinopteri,Neopterygii,Teleostei,Osteoglossocephalai,Clupeocephala,Euteleosteomorpha,Neoteleostei,Eurypterygia,Ctenosquamata,Acanthomorphata,Euacanthomorphacea,Percomorphaceae,Eupercaria,Eupercaria incertae sedis,Moronidae,Dicentrarchus,,,,
Chroicocephalus ridibundus,cellular organisms,Eukaryota,Opisthokonta,Metazoa,Eumetazoa,Bilateria,Deuterostomia,Chordata,Craniata,Vertebrata,Gnathostomata,Teleostomi,Euteleostomi,Sarcopterygii,Dipnotetrapodomorpha,Tetrapoda,Amniota,Sauropsida,Sauria,Archelosauria,Archosauria,Dinosauria,Saurischia,Theropoda,Coelurosauria,Aves,Neognathae,Neoaves,Charadriiformes,Laridae,Chroicocephalus,,,
Hierococcyx sparverioides,cellular organisms,Eukaryota,Opisthokonta,Metazoa,Eumetazoa,Bilateria,Deuterostomia,Chordata,Craniata,Vertebrata,Gnathostomata,Teleostomi,Euteleostomi,Sarcopterygii,Dipnotetrapodomorpha,Tetrapoda,Amniota,Sauropsida,Sauria,Archelosauria,Archosauria,Dinosauria,Saurischia,Theropoda,Coelurosauria,Aves,Neognathae,Neoaves,Otidimorphae,Cuculiformes,Cuculidae,Hierococcyx,,
Rattus nitidus,cellular organisms,Eukaryota,Opisthokonta,Metazoa,Eumetazoa,Bilateria,Deuterostomia,Chordata,Craniata,Vertebrata,Gnathostomata,Teleostomi,Euteleostomi,Sarcopterygii,Dipnotetrapodomorpha,Tetrapoda,Amniota,Mammalia,Theria,Eutheria,Boreoeutheria,Euarchontoglires,Glires,Rodentia,Myomorpha,Muroidea,Muridae,Murinae,Rattus,,,,,
Turdus dissimilis,cellular organisms,Eukaryota,Opisthokonta,Metazoa,Eumetazoa,Bilateria,Deuterostomia,Chordata,Craniata,Vertebrata,Gnathostomata,Teleostomi,Euteleostomi,Sarcopterygii,Dipnotetrapodomorpha,Tetrapoda,Amniota,Sauropsida,Sauria,Archelosauria,Archosauria,Dinosauria,Saurischia,Theropoda,Coelurosauria,Aves,Neognathae,Neoaves,Telluraves,Australaves,Passeriformes,Turdidae,Turdus,
Chalinolobus tuberculatus,cellular organisms,Eukaryota,Opisthokonta,Metazoa,Eumetazoa,Bilateria,Deuterostomia,Chordata,Craniata,Vertebrata,Gnathostomata,Teleostomi,Euteleostomi,Sarcopterygii,Dipnotetrapodomorpha,Tetrapoda,Amniota,Mammalia,Theria,Eutheria,Boreoeutheria,Laurasiatheria,Chiroptera,Yangochiroptera,Vespertilionidae,Chalinolobus,,,,,,,,
Rhinolophus pearsonii,cellular organisms,Eukaryota,Opisthokonta,Metazoa,Eumetazoa,Bilateria,Deuterostomia,Chordata,Craniata,Vertebrata,Gnathostomata,Teleostomi,Euteleostomi,Sarcopterygii,Dipnotetrapodomorpha,Tetrapoda,Amniota,Mammalia,Theria,Eutheria,Boreoeutheria,Laurasiatheria,Chiroptera,Yinpterochiroptera,Rhinolophoidea,Rhinolophidae,Rhinolophinae,Rhinolophus,,,,,,
Pipistrellus pipistrellus,cellular organisms,Eukaryota,Opisthokonta,Metazoa,Eumetazoa,Bilateria,Deuterostomia,Chordata,Craniata,Vertebrata,Gnathostomata,Teleostomi,Euteleostomi,Sarcopterygii,Dipnotetrapodomorpha,Tetrapoda,Amniota,Mammalia,Theria,Eutheria,Boreoeutheria,Laurasiatheria,Chiroptera,Yangochiroptera,Vespertilionidae,Pipistrellus,,,,,,,,
Hipposideros armiger,cellular organisms,Eukaryota,Opisthokonta,Metazoa,Eumetazoa,Bilateria,Deuterostomia,Chordata,Craniata,Vertebrata,Gnathostomata,Teleostomi,Euteleostomi,Sarcopterygii,Dipnotetrapodomorpha,Tetrapoda,Amniota,Mammalia,Theria,Eutheria,Boreoeutheria,Laurasiatheria,Chiroptera,Yinpterochiroptera,Rhinolophoidea,Hipposideridae,Hipposideros,,,,,,,
Vespertilio sinensis,cellular organisms,Eukaryota,Opisthokonta,Metazoa,Eumetazoa,Bilateria,Deuterostomia,Chordata,Craniata,Vertebrata,Gnathostomata,Teleostomi,Euteleostomi,Sarcopterygii,Dipnotetrapodomorpha,Tetrapoda,Amniota,Mammalia,Theria,Eutheria,Boreoeutheria,Laurasiatheria,Chiroptera,Yangochiroptera,Vespertilionidae,Vespertilio,,,,,,,,
Rhinolophus sp.,cellular organisms,Eukaryota,Opisthokonta,Metazoa,Eumetazoa,Bilateria,Deuterostomia,Chordata,Craniata,Vertebrata,Gnathostomata,Teleostomi,Euteleostomi,Sarcopterygii,Dipnotetrapodomorpha,Tetrapoda,Amniota,Mammalia,Theria,Eutheria,Boreoeutheria,Laurasiatheria,Chiroptera,Yinpterochiroptera,Rhinolophoidea,Rhinolophidae,Rhinolophinae,Rhinolophus,unclassified Rhinolophus,,,,,
Phasianus colchicus,cellular organisms,Eukaryota,Opisthokonta,Metazoa,Eumetazoa,Bilateria,Deuterostomia,Chordata,Craniata,Vertebrata,Gnathostomata,Teleostomi,Euteleostomi,Sarcopterygii,Dipnotetrapodomorpha,Tetrapoda,Amniota,Sauropsida,Sauria,Archelosauria,Archosauria,Dinosauria,Saurischia,Theropoda,Coelurosauria,Aves,Neognathae,Galloanserae,Galliformes,Phasianidae,Phasianinae,Phasianus,,
Streptopelia orientalis,cellular organisms,Eukaryota,Opisthokonta,Metazoa,Eumetazoa,Bilateria,Deuterostomia,Chordata,Craniata,Vertebrata,Gnathostomata,Teleostomi,Euteleostomi,Sarcopterygii,Dipnotetrapodomorpha,Tetrapoda,Amniota,Sauropsida,Sauria,Archelosauria,Archosauria,Dinosauria,Saurischia,Theropoda,Coelurosauria,Aves,Neognathae,Neoaves,Columbimorphae,Columbiformes,Columbidae,Streptopelia,,
Anas crecca,cellular organisms,Eukaryota,Opisthokonta,Metazoa,Eumetazoa,Bilateria,Deuterostomia,Chordata,Craniata,Vertebrata,Gnathostomata,Teleostomi,Euteleostomi,Sarcopterygii,Dipnotetrapodomorpha,Tetrapoda,Amniota,Sauropsida,Sauria,Archelosauria,Archosauria,Dinosauria,Saurischia,Theropoda,Coelurosauria,Aves,Neognathae,Galloanserae,Anseriformes,Anatidae,Anatinae,Anas,,
Aythya marila,cellular organisms,Eukaryota,Opisthokonta,Metazoa,Eumetazoa,Bilateria,Deuterostomia,Chordata,Craniata,Vertebrata,Gnathostomata,Teleostomi,Euteleostomi,Sarcopterygii,Dipnotetrapodomorpha,Tetrapoda,Amniota,Sauropsida,Sauria,Archelosauria,Archosauria,Dinosauria,Saurischia,Theropoda,Coelurosauria,Aves,Neognathae,Galloanserae,Anseriformes,Anatidae,Aythyinae,Aythya,,
Anas acuta,cellular organisms,Eukaryota,Opisthokonta,Metazoa,Eumetazoa,Bilateria,Deuterostomia,Chordata,Craniata,Vertebrata,Gnathostomata,Teleostomi,Euteleostomi,Sarcopterygii,Dipnotetrapodomorpha,Tetrapoda,Amniota,Sauropsida,Sauria,Archelosauria,Archosauria,Dinosauria,Saurischia,Theropoda,Coelurosauria,Aves,Neognathae,Galloanserae,Anseriformes,Anatidae,Anatinae,Anas,,
Mustela putorius furo,cellular organisms,Eukaryota,Opisthokonta,Metazoa,Eumetazoa,Bilateria,Deuterostomia,Chordata,Craniata,Vertebrata,Gnathostomata,Teleostomi,Euteleostomi,Sarcopterygii,Dipnotetrapodomorpha,Tetrapoda,Amniota,Mammalia,Theria,Eutheria,Boreoeutheria,Laurasiatheria,Carnivora,Caniformia,Musteloidea,Mustelidae,Mustelinae,Mustela,Mustela putorius,,,,,
Hipposideros pratti,cellular organisms,Eukaryota,Opisthokonta,Metazoa,Eumetazoa,Bilateria,Deuterostomia,Chordata,Craniata,Vertebrata,Gnathostomata,Teleostomi,Euteleostomi,Sarcopterygii,Dipnotetrapodomorpha,Tetrapoda,Amniota,Mammalia,Theria,Eutheria,Boreoeutheria,Laurasiatheria,Chiroptera,Yinpterochiroptera,Rhinolophoidea,Hipposideridae,Hipposideros,,,,,,,
Myotis davidii,cellular organisms,Eukaryota,Opisthokonta,Metazoa,Eumetazoa,Bilateria,Deuterostomia,Chordata,Craniata,Vertebrata,Gnathostomata,Teleostomi,Euteleostomi,Sarcopterygii,Dipnotetrapodomorpha,Tetrapoda,Amniota,Mammalia,Theria,Eutheria,Boreoeutheria,Laurasiatheria,Chiroptera,Yangochiroptera,Vespertilionidae,Myotis,,,,,,,,
Berylmys bowersi,cellular organisms,Eukaryota,Opisthokonta,Metazoa,Eumetazoa,Bilateria,Deuterostomia,Chordata,Craniata,Vertebrata,Gnathostomata,Teleostomi,Euteleostomi,Sarcopterygii,Dipnotetrapodomorpha,Tetrapoda,Amniota,Mammalia,Theria,Eutheria,Boreoeutheria,Euarchontoglires,Glires,Rodentia,Myomorpha,Muroidea,Muridae,Murinae,Berylmys,,,,,
Rattus losea,cellular organisms,Eukaryota,Opisthokonta,Metazoa,Eumetazoa,Bilateria,Deuterostomia,Chordata,Craniata,Vertebrata,Gnathostomata,Teleostomi,Euteleostomi,Sarcopterygii,Dipnotetrapodomorpha,Tetrapoda,Amniota,Mammalia,Theria,Eutheria,Boreoeutheria,Euarchontoglires,Glires,Rodentia,Myomorpha,Muroidea,Muridae,Murinae,Rattus,,,,,
Crocidura shantungensis,cellular organisms,Eukaryota,Opisthokonta,Metazoa,Eumetazoa,Bilateria,Deuterostomia,Chordata,Craniata,Vertebrata,Gnathostomata,Teleostomi,Euteleostomi,Sarcopterygii,Dipnotetrapodomorpha,Tetrapoda,Amniota,Mammalia,Theria,Eutheria,Boreoeutheria,Laurasiatheria,Eulipotyphla,Soricidae,Crocidurinae,Crocidura,,,,,,,,
Apodemus agrarius,cellular organisms,Eukaryota,Opisthokonta,Metazoa,Eumetazoa,Bilateria,Deuterostomia,Chordata,Craniata,Vertebrata,Gnathostomata,Teleostomi,Euteleostomi,Sarcopterygii,Dipnotetrapodomorpha,Tetrapoda,Amniota,Mammalia,Theria,Eutheria,Boreoeutheria,Euarchontoglires,Glires,Rodentia,Myomorpha,Muroidea,Muridae,Murinae,Apodemus,,,,,
Niviventer fulvescens,cellular organisms,Eukaryota,Opisthokonta,Metazoa,Eumetazoa,Bilateria,Deuterostomia,Chordata,Craniata,Vertebrata,Gnathostomata,Teleostomi,Euteleostomi,Sarcopterygii,Dipnotetrapodomorpha,Tetrapoda,Amniota,Mammalia,Theria,Eutheria,Boreoeutheria,Euarchontoglires,Glires,Rodentia,Myomorpha,Muroidea,Muridae,Murinae,Niviventer,,,,,
Leopoldamys edwardsi,cellular organisms,Eukaryota,Opisthokonta,Metazoa,Eumetazoa,Bilateria,Deuterostomia,Chordata,Craniata,Vertebrata,Gnathostomata,Teleostomi,Euteleostomi,Sarcopterygii,Dipnotetrapodomorpha,Tetrapoda,Amniota,Mammalia,Theria,Eutheria,Boreoeutheria,Euarchontoglires,Glires,Rodentia,Myomorpha,Muroidea,Muridae,Murinae,Leopoldamys,,,,,
Niviventer niviventer,cellular organisms,Eukaryota,Opisthokonta,Metazoa,Eumetazoa,Bilateria,Deuterostomia,Chordata,Craniata,Vertebrata,Gnathostomata,Teleostomi,Euteleostomi,Sarcopterygii,Dipnotetrapodomorpha,Tetrapoda,Amniota,Mammalia,Theria,Eutheria,Boreoeutheria,Euarchontoglires,Glires,Rodentia,Myomorpha,Muroidea,Muridae,Murinae,Niviventer,,,,,
Hypsugo pulveratus,cellular organisms,Eukaryota,Opisthokonta,Metazoa,Eumetazoa,Bilateria,Deuterostomia,Chordata,Craniata,Vertebrata,Gnathostomata,Teleostomi,Euteleostomi,Sarcopterygii,Dipnotetrapodomorpha,Tetrapoda,Amniota,Mammalia,Theria,Eutheria,Boreoeutheria,Laurasiatheria,Chiroptera,Yangochiroptera,Vespertilionidae,Hypsugo,,,,,,,,
Typhlomys cinereus,cellular organisms,Eukaryota,Opisthokonta,Metazoa,Eumetazoa,Bilateria,Deuterostomia,Chordata,Craniata,Vertebrata,Gnathostomata,Teleostomi,Euteleostomi,Sarcopterygii,Dipnotetrapodomorpha,Tetrapoda,Amniota,Mammalia,Theria,Eutheria,Boreoeutheria,Euarchontoglires,Glires,Rodentia,Myomorpha,Muroidea,Platacanthomyidae,Typhlomys,,,,,,
Chodsigoa smithii,cellular organisms,Eukaryota,Opisthokonta,Metazoa,Eumetazoa,Bilateria,Deuterostomia,Chordata,Craniata,Vertebrata,Gnathostomata,Teleostomi,Euteleostomi,Sarcopterygii,Dipnotetrapodomorpha,Tetrapoda,Amniota,Mammalia,Theria,Eutheria,Boreoeutheria,Laurasiatheria,Eulipotyphla,Soricidae,Soricinae,Chodsigoa,,,,,,,,
Bos mutus,cellular organisms,Eukaryota,Opisthokonta,Metazoa,Eumetazoa,Bilateria,Deuterostomia,Chordata,Craniata,Vertebrata,Gnathostomata,Teleostomi,Euteleostomi,Sarcopterygii,Dipnotetrapodomorpha,Tetrapoda,Amniota,Mammalia,Theria,Eutheria,Boreoeutheria,Laurasiatheria,Artiodactyla,Ruminantia,Pecora,Bovidae,Bovinae,Bos,,,,,,
Rhinolophus,cellular organisms,Eukaryota,Opisthokonta,Metazoa,Eumetazoa,Bilateria,Deuterostomia,Chordata,Craniata,Vertebrata,Gnathostomata,Teleostomi,Euteleostomi,Sarcopterygii,Dipnotetrapodomorpha,Tetrapoda,Amniota,Mammalia,Theria,Eutheria,Boreoeutheria,Laurasiatheria,Chiroptera,Yinpterochiroptera,Rhinolophoidea,Rhinolophidae,Rhinolophinae,,,,,,,
Nycteris,cellular organisms,Eukaryota,Opisthokonta,Metazoa,Eumetazoa,Bilateria,Deuterostomia,Chordata,Craniata,Vertebrata,Gnathostomata,Teleostomi,Euteleostomi,Sarcopterygii,Dipnotetrapodomorpha,Tetrapoda,Amniota,Mammalia,Theria,Eutheria,Boreoeutheria,Laurasiatheria,Chiroptera,Yangochiroptera,Nycteridae,,,,,,,,,
Miniopterus,cellular organisms,Eukaryota,Opisthokonta,Metazoa,Eumetazoa,Bilateria,Deuterostomia,Chordata,Craniata,Vertebrata,Gnathostomata,Teleostomi,Euteleostomi,Sarcopterygii,Dipnotetrapodomorpha,Tetrapoda,Amniota,Mammalia,Theria,Eutheria,Boreoeutheria,Laurasiatheria,Chiroptera,Yangochiroptera,Miniopteridae,,,,,,,,,
Eidolon helvum,cellular organisms,Eukaryota,Opisthokonta,Metazoa,Eumetazoa,Bilateria,Deuterostomia,Chordata,Craniata,Vertebrata,Gnathostomata,Teleostomi,Euteleostomi,Sarcopterygii,Dipnotetrapodomorpha,Tetrapoda,Amniota,Mammalia,Theria,Eutheria,Boreoeutheria,Laurasiatheria,Chiroptera,Yinpterochiroptera,Pteropodoidea,Pteropodidae,Pteropodinae,Eidolon,,,,,,
Panthera tigris altaica,cellular organisms,Eukaryota,Opisthokonta,Metazoa,Eumetazoa,Bilateria,Deuterostomia,Chordata,Craniata,Vertebrata,Gnathostomata,Teleostomi,Euteleostomi,Sarcopterygii,Dipnotetrapodomorpha,Tetrapoda,Amniota,Mammalia,Theria,Eutheria,Boreoeutheria,Laurasiatheria,Carnivora,Feliformia,Felidae,Pantherinae,Panthera,Panthera tigris,,,,,,
Neolamprologus tetracanthus,cellular organisms,Eukaryota,Opisthokonta,Metazoa,Eumetazoa,Bilateria,Deuterostomia,Chordata,Craniata,Vertebrata,Gnathostomata,Teleostomi,Euteleostomi,Actinopterygii,Actinopteri,Neopterygii,Teleostei,Osteoglossocephalai,Clupeocephala,Euteleosteomorpha,Neoteleostei,Eurypterygia,Ctenosquamata,Acanthomorphata,Euacanthomorphacea,Percomorphaceae,Ovalentaria,Cichlomorphae,Cichliformes,Cichlidae,African cichlids,Pseudocrenilabrinae,Lamprologini,Neolamprologus
Xenotilapia boulengeri,cellular organisms,Eukaryota,Opisthokonta,Metazoa,Eumetazoa,Bilateria,Deuterostomia,Chordata,Craniata,Vertebrata,Gnathostomata,Teleostomi,Euteleostomi,Actinopterygii,Actinopteri,Neopterygii,Teleostei,Osteoglossocephalai,Clupeocephala,Euteleosteomorpha,Neoteleostei,Eurypterygia,Ctenosquamata,Acanthomorphata,Euacanthomorphacea,Percomorphaceae,Ovalentaria,Cichlomorphae,Cichliformes,Cichlidae,African cichlids,Pseudocrenilabrinae,Ectodini,Xenotilapia
Enantiopus melanogenys,cellular organisms,Eukaryota,Opisthokonta,Metazoa,Eumetazoa,Bilateria,Deuterostomia,Chordata,Craniata,Vertebrata,Gnathostomata,Teleostomi,Euteleostomi,Actinopterygii,Actinopteri,Neopterygii,Teleostei,Osteoglossocephalai,Clupeocephala,Euteleosteomorpha,Neoteleostei,Eurypterygia,Ctenosquamata,Acanthomorphata,Euacanthomorphacea,Percomorphaceae,Ovalentaria,Cichlomorphae,Cichliformes,Cichlidae,African cichlids,Pseudocrenilabrinae,Ectodini,Xenotilapia
Neolamprologus brevis,cellular organisms,Eukaryota,Opisthokonta,Metazoa,Eumetazoa,Bilateria,Deuterostomia,Chordata,Craniata,Vertebrata,Gnathostomata,Teleostomi,Euteleostomi,Actinopterygii,Actinopteri,Neopterygii,Teleostei,Osteoglossocephalai,Clupeocephala,Euteleosteomorpha,Neoteleostei,Eurypterygia,Ctenosquamata,Acanthomorphata,Euacanthomorphacea,Percomorphaceae,Ovalentaria,Cichlomorphae,Cichliformes,Cichlidae,African cichlids,Pseudocrenilabrinae,Lamprologini,Neolamprologus
Petrochromis famula,cellular organisms,Eukaryota,Opisthokonta,Metazoa,Eumetazoa,Bilateria,Deuterostomia,Chordata,Craniata,Vertebrata,Gnathostomata,Teleostomi,Euteleostomi,Actinopterygii,Actinopteri,Neopterygii,Teleostei,Osteoglossocephalai,Clupeocephala,Euteleosteomorpha,Neoteleostei,Eurypterygia,Ctenosquamata,Acanthomorphata,Euacanthomorphacea,Percomorphaceae,Ovalentaria,Cichlomorphae,Cichliformes,Cichlidae,African cichlids,Pseudocrenilabrinae,Tropheini,Petrochromis
Xenotilapia nasus,cellular organisms,Eukaryota,Opisthokonta,Metazoa,Eumetazoa,Bilateria,Deuterostomia,Chordata,Craniata,Vertebrata,Gnathostomata,Teleostomi,Euteleostomi,Actinopterygii,Actinopteri,Neopterygii,Teleostei,Osteoglossocephalai,Clupeocephala,Euteleosteomorpha,Neoteleostei,Eurypterygia,Ctenosquamata,Acanthomorphata,Euacanthomorphacea,Percomorphaceae,Ovalentaria,Cichlomorphae,Cichliformes,Cichlidae,African cichlids,Pseudocrenilabrinae,Ectodini,Xenotilapia
Benthochromis horii,cellular organisms,Eukaryota,Opisthokonta,Metazoa,Eumetazoa,Bilateria,Deuterostomia,Chordata,Craniata,Vertebrata,Gnathostomata,Teleostomi,Euteleostomi,Actinopterygii,Actinopteri,Neopterygii,Teleostei,Osteoglossocephalai,Clupeocephala,Euteleosteomorpha,Neoteleostei,Eurypterygia,Ctenosquamata,Acanthomorphata,Euacanthomorphacea,Percomorphaceae,Ovalentaria,Cichlomorphae,Cichliformes,Cichlidae,African cichlids,Pseudocrenilabrinae,Benthochromini,Benthochromis
Limnochromis auritus,cellular organisms,Eukaryota,Opisthokonta,Metazoa,Eumetazoa,Bilateria,Deuterostomia,Chordata,Craniata,Vertebrata,Gnathostomata,Teleostomi,Euteleostomi,Actinopterygii,Actinopteri,Neopterygii,Teleostei,Osteoglossocephalai,Clupeocephala,Euteleosteomorpha,Neoteleostei,Eurypterygia,Ctenosquamata,Acanthomorphata,Euacanthomorphacea,Percomorphaceae,Ovalentaria,Cichlomorphae,Cichliformes,Cichlidae,African cichlids,Pseudocrenilabrinae,Limnochromini,Limnochromis
Lamprologus kungweensis,cellular organisms,Eukaryota,Opisthokonta,Metazoa,Eumetazoa,Bilateria,Deuterostomia,Chordata,Craniata,Vertebrata,Gnathostomata,Teleostomi,Euteleostomi,Actinopterygii,Actinopteri,Neopterygii,Teleostei,Osteoglossocephalai,Clupeocephala,Euteleosteomorpha,Neoteleostei,Eurypterygia,Ctenosquamata,Acanthomorphata,Euacanthomorphacea,Percomorphaceae,Ovalentaria,Cichlomorphae,Cichliformes,Cichlidae,African cichlids,Pseudocrenilabrinae,Lamprologini,Neolamprologus
Retropinna retropinna,cellular organisms,Eukaryota,Opisthokonta,Metazoa,Eumetazoa,Bilateria,Deuterostomia,Chordata,Craniata,Vertebrata,Gnathostomata,Teleostomi,Euteleostomi,Actinopterygii,Actinopteri,Neopterygii,Teleostei,Osteoglossocephalai,Clupeocephala,Euteleosteomorpha,Stomiati,Osmeriformes,Retropinnidae,Retropinna,,,,,,,,,,
Miniopterus orianae oceanensis,cellular organisms,Eukaryota,Opisthokonta,Metazoa,Eumetazoa,Bilateria,Deuterostomia,Chordata,Craniata,Vertebrata,Gnathostomata,Teleostomi,Euteleostomi,Sarcopterygii,Dipnotetrapodomorpha,Tetrapoda,Amniota,Mammalia,Theria,Eutheria,Boreoeutheria,Laurasiatheria,Chiroptera,Yangochiroptera,Miniopteridae,Miniopterus,Miniopterus orianae,,,,,,,
Equus asinus,cellular organisms,Eukaryota,Opisthokonta,Metazoa,Eumetazoa,Bilateria,Deuterostomia,Chordata,Craniata,Vertebrata,Gnathostomata,Teleostomi,Euteleostomi,Sarcopterygii,Dipnotetrapodomorpha,Tetrapoda,Amniota,Mammalia,Theria,Eutheria,Boreoeutheria,Laurasiatheria,Perissodactyla,Equidae,Equus,,,,,,,,,
Podarcis siculus,cellular organisms,Eukaryota,Opisthokonta,Metazoa,Eumetazoa,Bilateria,Deuterostomia,Chordata,Craniata,Vertebrata,Gnathostomata,Teleostomi,Euteleostomi,Sarcopterygii,Dipnotetrapodomorpha,Tetrapoda,Amniota,Sauropsida,Sauria,Lepidosauria,Squamata,Bifurcata,Unidentata,Episquamata,Laterata,Lacertibaenia,Lacertidae,Lacertinae,Podarcis,,,,,
Tarentola mauritanica,cellular organisms,Eukaryota,Opisthokonta,Metazoa,Eumetazoa,Bilateria,Deuterostomia,Chordata,Craniata,Vertebrata,Gnathostomata,Teleostomi,Euteleostomi,Sarcopterygii,Dipnotetrapodomorpha,Tetrapoda,Amniota,Sauropsida,Sauria,Lepidosauria,Squamata,Bifurcata,Gekkota,Phyllodactylidae,Tarentola,,,,,,,,,
Hystrix cristata,cellular organisms,Eukaryota,Opisthokonta,Metazoa,Eumetazoa,Bilateria,Deuterostomia,Chordata,Craniata,Vertebrata,Gnathostomata,Teleostomi,Euteleostomi,Sarcopterygii,Dipnotetrapodomorpha,Tetrapoda,Amniota,Mammalia,Theria,Eutheria,Boreoeutheria,Euarchontoglires,Glires,Rodentia,Hystricomorpha,Hystricidae,Hystrix,,,,,,,
Cervus elaphus,cellular organisms,Eukaryota,Opisthokonta,Metazoa,Eumetazoa,Bilateria,Deuterostomia,Chordata,Craniata,Vertebrata,Gnathostomata,Teleostomi,Euteleostomi,Sarcopterygii,Dipnotetrapodomorpha,Tetrapoda,Amniota,Mammalia,Theria,Eutheria,Boreoeutheria,Laurasiatheria,Artiodactyla,Ruminantia,Pecora,Cervidae,Cervinae,Cervus,,,,,,
Mustelidae,cellular organisms,Eukaryota,Opisthokonta,Metazoa,Eumetazoa,Bilateria,Deuterostomia,Chordata,Craniata,Vertebrata,Gnathostomata,Teleostomi,Euteleostomi,Sarcopterygii,Dipnotetrapodomorpha,Tetrapoda,Amniota,Mammalia,Theria,Eutheria,Boreoeutheria,Laurasiatheria,Carnivora,Caniformia,Musteloidea,,,,,,,,,
Canis lupus,cellular organisms,Eukaryota,Opisthokonta,Metazoa,Eumetazoa,Bilateria,Deuterostomia,Chordata,Craniata,Vertebrata,Gnathostomata,Teleostomi,Euteleostomi,Sarcopterygii,Dipnotetrapodomorpha,Tetrapoda,Amniota,Mammalia,Theria,Eutheria,Boreoeutheria,Laurasiatheria,Carnivora,Caniformia,Canidae,Canis,,,,,,,,
Rodentia,cellular organisms,Eukaryota,Opisthokonta,Metazoa,Eumetazoa,Bilateria,Deuterostomia,Chordata,Craniata,Vertebrata,Gnathostomata,Teleostomi,Euteleostomi,Sarcopterygii,Dipnotetrapodomorpha,Tetrapoda,Amniota,Mammalia,Theria,Eutheria,Boreoeutheria,Euarchontoglires,Glires,,,,,,,,,,,
Feliformia,cellular organisms,Eukaryota,Opisthokonta,Metazoa,Eumetazoa,Bilateria,Deuterostomia,Chordata,Craniata,Vertebrata,Gnathostomata,Teleostomi,Euteleostomi,Sarcopterygii,Dipnotetrapodomorpha,Tetrapoda,Amniota,Mammalia,Theria,Eutheria,Boreoeutheria,Laurasiatheria,Carnivora,,,,,,,,,,,
Bufo gargarizans,cellular organisms,Eukaryota,Opisthokonta,Metazoa,Eumetazoa,Bilateria,Deuterostomia,Chordata,Craniata,Vertebrata,Gnathostomata,Teleostomi,Euteleostomi,Sarcopterygii,Dipnotetrapodomorpha,Tetrapoda,Amphibia,Batrachia,Anura,Neobatrachia,Hyloidea,Bufonidae,Bufo,Bufo gargarizans species complex,,,,,,,,,,
Rhinolophus macrotis,cellular organisms,Eukaryota,Opisthokonta,Metazoa,Eumetazoa,Bilateria,Deuterostomia,Chordata,Craniata,Vertebrata,Gnathostomata,Teleostomi,Euteleostomi,Sarcopterygii,Dipnotetrapodomorpha,Tetrapoda,Amniota,Mammalia,Theria,Eutheria,Boreoeutheria,Laurasiatheria,Chiroptera,Yinpterochiroptera,Rhinolophoidea,Rhinolophidae,Rhinolophinae,Rhinolophus,,,,,,
Cynopterus sphinx,cellular organisms,Eukaryota,Opisthokonta,Metazoa,Eumetazoa,Bilateria,Deuterostomia,Chordata,Craniata,Vertebrata,Gnathostomata,Teleostomi,Euteleostomi,Sarcopterygii,Dipnotetrapodomorpha,Tetrapoda,Amniota,Mammalia,Theria,Eutheria,Boreoeutheria,Laurasiatheria,Chiroptera,Yinpterochiroptera,Pteropodoidea,Pteropodidae,Cynopterinae,Cynopterus,,,,,,
Rhinolophus thomasi,cellular organisms,Eukaryota,Opisthokonta,Metazoa,Eumetazoa,Bilateria,Deuterostomia,Chordata,Craniata,Vertebrata,Gnathostomata,Teleostomi,Euteleostomi,Sarcopterygii,Dipnotetrapodomorpha,Tetrapoda,Amniota,Mammalia,Theria,Eutheria,Boreoeutheria,Laurasiatheria,Chiroptera,Yinpterochiroptera,Rhinolophoidea,Rhinolophidae,Rhinolophinae,Rhinolophus,,,,,,
Rhinolophus stheno,cellular organisms,Eukaryota,Opisthokonta,Metazoa,Eumetazoa,Bilateria,Deuterostomia,Chordata,Craniata,Vertebrata,Gnathostomata,Teleostomi,Euteleostomi,Sarcopterygii,Dipnotetrapodomorpha,Tetrapoda,Amniota,Mammalia,Theria,Eutheria,Boreoeutheria,Laurasiatheria,Chiroptera,Yinpterochiroptera,Rhinolophoidea,Rhinolophidae,Rhinolophinae,Rhinolophus,,,,,,
Eonycteris spelaea,cellular organisms,Eukaryota,Opisthokonta,Metazoa,Eumetazoa,Bilateria,Deuterostomia,Chordata,Craniata,Vertebrata,Gnathostomata,Teleostomi,Euteleostomi,Sarcopterygii,Dipnotetrapodomorpha,Tetrapoda,Amniota,Mammalia,Theria,Eutheria,Boreoeutheria,Laurasiatheria,Chiroptera,Yinpterochiroptera,Pteropodoidea,Pteropodidae,Rousettinae,Eonycteris,,,,,,
Rattus flavipectus,cellular organisms,Eukaryota,Opisthokonta,Metazoa,Eumetazoa,Bilateria,Deuterostomia,Chordata,Craniata,Vertebrata,Gnathostomata,Teleostomi,Euteleostomi,Sarcopterygii,Dipnotetrapodomorpha,Tetrapoda,Amniota,Mammalia,Theria,Eutheria,Boreoeutheria,Euarchontoglires,Glires,Rodentia,Myomorpha,Muroidea,Muridae,Murinae,Rattus,,,,,
Rhizomys pruinosus,cellular organisms,Eukaryota,Opisthokonta,Metazoa,Eumetazoa,Bilateria,Deuterostomia,Chordata,Craniata,Vertebrata,Gnathostomata,Teleostomi,Euteleostomi,Sarcopterygii,Dipnotetrapodomorpha,Tetrapoda,Amniota,Mammalia,Theria,Eutheria,Boreoeutheria,Euarchontoglires,Glires,Rodentia,Myomorpha,Muroidea,Spalacidae,Rhizomyinae,Rhizomys,,,,,
Hippocampus erectus,cellular organisms,Eukaryota,Opisthokonta,Metazoa,Eumetazoa,Bilateria,Deuterostomia,Chordata,Craniata,Vertebrata,Gnathostomata,Teleostomi,Euteleostomi,Actinopterygii,Actinopteri,Neopterygii,Teleostei,Osteoglossocephalai,Clupeocephala,Euteleosteomorpha,Neoteleostei,Eurypterygia,Ctenosquamata,Acanthomorphata,Euacanthomorphacea,Percomorphaceae,Syngnathiaria,Syngnathiformes,Syngnathoidei,Syngnathidae,Hippocampinae,Hippocampus,,
Ia io,cellular organisms,Eukaryota,Opisthokonta,Metazoa,Eumetazoa,Bilateria,Deuterostomia,Chordata,Craniata,Vertebrata,Gnathostomata,Teleostomi,Euteleostomi,Sarcopterygii,Dipnotetrapodomorpha,Tetrapoda,Amniota,Mammalia,Theria,Eutheria,Boreoeutheria,Laurasiatheria,Chiroptera,Yangochiroptera,Vespertilionidae,Ia,,,,,,,,
Caracal caracal,cellular organisms,Eukaryota,Opisthokonta,Metazoa,Eumetazoa,Bilateria,Deuterostomia,Chordata,Craniata,Vertebrata,Gnathostomata,Teleostomi,Euteleostomi,Sarcopterygii,Dipnotetrapodomorpha,Tetrapoda,Amniota,Mammalia,Theria,Eutheria,Boreoeutheria,Laurasiatheria,Carnivora,Feliformia,Felidae,Felinae,Caracal,,,,,,,
Niviventer sp.,cellular organisms,Eukaryota,Opisthokonta,Metazoa,Eumetazoa,Bilateria,Deuterostomia,Chordata,Craniata,Vertebrata,Gnathostomata,Teleostomi,Euteleostomi,Sarcopterygii,Dipnotetrapodomorpha,Tetrapoda,Amniota,Mammalia,Theria,Eutheria,Boreoeutheria,Euarchontoglires,Glires,Rodentia,Myomorpha,Muroidea,Muridae,Murinae,Niviventer,unclassified Niviventer,,,,
Rattus pyctoris,cellular organisms,Eukaryota,Opisthokonta,Metazoa,Eumetazoa,Bilateria,Deuterostomia,Chordata,Craniata,Vertebrata,Gnathostomata,Teleostomi,Euteleostomi,Sarcopterygii,Dipnotetrapodomorpha,Tetrapoda,Amniota,Mammalia,Theria,Eutheria,Boreoeutheria,Euarchontoglires,Glires,Rodentia,Myomorpha,Muroidea,Muridae,Murinae,Rattus,,,,,
Cabillus tongarevae,cellular organisms,Eukaryota,Opisthokonta,Metazoa,Eumetazoa,Bilateria,Deuterostomia,Chordata,Craniata,Vertebrata,Gnathostomata,Teleostomi,Euteleostomi,Actinopterygii,Actinopteri,Neopterygii,Teleostei,Osteoglossocephalai,Clupeocephala,Euteleosteomorpha,Neoteleostei,Eurypterygia,Ctenosquamata,Acanthomorphata,Euacanthomorphacea,Percomorphaceae,Gobiaria,Gobiiformes,Gobioidei,Gobiidae,Gobiinae,Cabillus,,
Istigobius decoratus,cellular organisms,Eukaryota,Opisthokonta,Metazoa,Eumetazoa,Bilateria,Deuterostomia,Chordata,Craniata,Vertebrata,Gnathostomata,Teleostomi,Euteleostomi,Actinopterygii,Actinopteri,Neopterygii,Teleostei,Osteoglossocephalai,Clupeocephala,Euteleosteomorpha,Neoteleostei,Eurypterygia,Ctenosquamata,Acanthomorphata,Euacanthomorphacea,Percomorphaceae,Gobiaria,Gobiiformes,Gobioidei,Gobiidae,Gobiinae,Istigobius,,
Istigobius nigroocellatus,cellular organisms,Eukaryota,Opisthokonta,Metazoa,Eumetazoa,Bilateria,Deuterostomia,Chordata,Craniata,Vertebrata,Gnathostomata,Teleostomi,Euteleostomi,Actinopterygii,Actinopteri,Neopterygii,Teleostei,Osteoglossocephalai,Clupeocephala,Euteleosteomorpha,Neoteleostei,Eurypterygia,Ctenosquamata,Acanthomorphata,Euacanthomorphacea,Percomorphaceae,Gobiaria,Gobiiformes,Gobioidei,Gobiidae,Gobiinae,Istigobius,,
Asterropteryx semipunctata,cellular organisms,Eukaryota,Opisthokonta,Metazoa,Eumetazoa,Bilateria,Deuterostomia,Chordata,Craniata,Vertebrata,Gnathostomata,Teleostomi,Euteleostomi,Actinopterygii,Actinopteri,Neopterygii,Teleostei,Osteoglossocephalai,Clupeocephala,Euteleosteomorpha,Neoteleostei,Eurypterygia,Ctenosquamata,Acanthomorphata,Euacanthomorphacea,Percomorphaceae,Gobiaria,Gobiiformes,Gobioidei,Gobiidae,Gobiinae,Asterropteryx,,
Istigobius goldmanni,cellular organisms,Eukaryota,Opisthokonta,Metazoa,Eumetazoa,Bilateria,Deuterostomia,Chordata,Craniata,Vertebrata,Gnathostomata,Teleostomi,Euteleostomi,Actinopterygii,Actinopteri,Neopterygii,Teleostei,Osteoglossocephalai,Clupeocephala,Euteleosteomorpha,Neoteleostei,Eurypterygia,Ctenosquamata,Acanthomorphata,Euacanthomorphacea,Percomorphaceae,Gobiaria,Gobiiformes,Gobioidei,Gobiidae,Gobiinae,Istigobius,,
Blenniella,cellular organisms,Eukaryota,Opisthokonta,Metazoa,Eumetazoa,Bilateria,Deuterostomia,Chordata,Craniata,Vertebrata,Gnathostomata,Teleostomi,Euteleostomi,Actinopterygii,Actinopteri,Neopterygii,Teleostei,Osteoglossocephalai,Clupeocephala,Euteleosteomorpha,Neoteleostei,Eurypterygia,Ctenosquamata,Acanthomorphata,Euacanthomorphacea,Percomorphaceae,Ovalentaria,Blenniimorphae,Blenniiformes,Blennioidei,Blenniidae,Salariinae,,
Capreolus capreolus,cellular organisms,Eukaryota,Opisthokonta,Metazoa,Eumetazoa,Bilateria,Deuterostomia,Chordata,Craniata,Vertebrata,Gnathostomata,Teleostomi,Euteleostomi,Sarcopterygii,Dipnotetrapodomorpha,Tetrapoda,Amniota,Mammalia,Theria,Eutheria,Boreoeutheria,Laurasiatheria,Artiodactyla,Ruminantia,Pecora,Cervidae,Odocoileinae,Capreolus,,,,,,
Bubalus bubalis,cellular organisms,Eukaryota,Opisthokonta,Metazoa,Eumetazoa,Bilateria,Deuterostomia,Chordata,Craniata,Vertebrata,Gnathostomata,Teleostomi,Euteleostomi,Sarcopterygii,Dipnotetrapodomorpha,Tetrapoda,Amniota,Mammalia,Theria,Eutheria,Boreoeutheria,Laurasiatheria,Artiodactyla,Ruminantia,Pecora,Bovidae,Bovinae,Bubalus,,,,,,
Cervidae,cellular organisms,Eukaryota,Opisthokonta,Metazoa,Eumetazoa,Bilateria,Deuterostomia,Chordata,Craniata,Vertebrata,Gnathostomata,Teleostomi,Euteleostomi,Sarcopterygii,Dipnotetrapodomorpha,Tetrapoda,Amniota,Mammalia,Theria,Eutheria,Boreoeutheria,Laurasiatheria,Artiodactyla,Ruminantia,Pecora,,,,,,,,,
Mus,cellular organisms,Eukaryota,Opisthokonta,Metazoa,Eumetazoa,Bilateria,Deuterostomia,Chordata,Craniata,Vertebrata,Gnathostomata,Teleostomi,Euteleostomi,Sarcopterygii,Dipnotetrapodomorpha,Tetrapoda,Amniota,Mammalia,Theria,Eutheria,Boreoeutheria,Euarchontoglires,Glires,Rodentia,Myomorpha,Muroidea,Muridae,Murinae,Mus,,,,,
Hydroprogne caspia,cellular organisms,Eukaryota,Opisthokonta,Metazoa,Eumetazoa,Bilateria,Deuterostomia,Chordata,Craniata,Vertebrata,Gnathostomata,Teleostomi,Euteleostomi,Sarcopterygii,Dipnotetrapodomorpha,Tetrapoda,Amniota,Sauropsida,Sauria,Archelosauria,Archosauria,Dinosauria,Saurischia,Theropoda,Coelurosauria,Aves,Neognathae,Neoaves,Charadriiformes,Laridae,Hydroprogne,,,
Merops apiaster,cellular organisms,Eukaryota,Opisthokonta,Metazoa,Eumetazoa,Bilateria,Deuterostomia,Chordata,Craniata,Vertebrata,Gnathostomata,Teleostomi,Euteleostomi,Sarcopterygii,Dipnotetrapodomorpha,Tetrapoda,Amniota,Sauropsida,Sauria,Archelosauria,Archosauria,Dinosauria,Saurischia,Theropoda,Coelurosauria,Aves,Neognathae,Neoaves,Telluraves,Coraciimorphae,Coraciiformes,Meropidae,Merops,
Hirundo rustica,cellular organisms,Eukaryota,Opisthokonta,Metazoa,Eumetazoa,Bilateria,Deuterostomia,Chordata,Craniata,Vertebrata,Gnathostomata,Teleostomi,Euteleostomi,Sarcopterygii,Dipnotetrapodomorpha,Tetrapoda,Amniota,Sauropsida,Sauria,Archelosauria,Archosauria,Dinosauria,Saurischia,Theropoda,Coelurosauria,Aves,Neognathae,Neoaves,Telluraves,Australaves,Passeriformes,Sylvioidea,Hirundinidae,Hirundo
Coloeus monedula,cellular organisms,Eukaryota,Opisthokonta,Metazoa,Eumetazoa,Bilateria,Deuterostomia,Chordata,Craniata,Vertebrata,Gnathostomata,Teleostomi,Euteleostomi,Sarcopterygii,Dipnotetrapodomorpha,Tetrapoda,Amniota,Sauropsida,Sauria,Archelosauria,Archosauria,Dinosauria,Saurischia,Theropoda,Coelurosauria,Aves,Neognathae,Neoaves,Telluraves,Australaves,Passeriformes,Corvoidea,Corvidae,Coloeus
Strophurus ciliaris,cellular organisms,Eukaryota,Opisthokonta,Metazoa,Eumetazoa,Bilateria,Deuterostomia,Chordata,Craniata,Vertebrata,Gnathostomata,Teleostomi,Euteleostomi,Sarcopterygii,Dipnotetrapodomorpha,Tetrapoda,Amniota,Sauropsida,Sauria,Lepidosauria,Squamata,Bifurcata,Gekkota,Pygopoidea,Diplodactylidae,Strophurus,,,,,,,,
Hystricidae,cellular organisms,Eukaryota,Opisthokonta,Metazoa,Eumetazoa,Bilateria,Deuterostomia,Chordata,Craniata,Vertebrata,Gnathostomata,Teleostomi,Euteleostomi,Sarcopterygii,Dipnotetrapodomorpha,Tetrapoda,Amniota,Mammalia,Theria,Eutheria,Boreoeutheria,Euarchontoglires,Glires,Rodentia,Hystricomorpha,,,,,,,,,
Mus caroli,cellular organisms,Eukaryota,Opisthokonta,Metazoa,Eumetazoa,Bilateria,Deuterostomia,Chordata,Craniata,Vertebrata,Gnathostomata,Teleostomi,Euteleostomi,Sarcopterygii,Dipnotetrapodomorpha,Tetrapoda,Amniota,Mammalia,Theria,Eutheria,Boreoeutheria,Euarchontoglires,Glires,Rodentia,Myomorpha,Muroidea,Muridae,Murinae,Mus,Mus,,,,
Mus pahari,cellular organisms,Eukaryota,Opisthokonta,Metazoa,Eumetazoa,Bilateria,Deuterostomia,Chordata,Craniata,Vertebrata,Gnathostomata,Teleostomi,Euteleostomi,Sarcopterygii,Dipnotetrapodomorpha,Tetrapoda,Amniota,Mammalia,Theria,Eutheria,Boreoeutheria,Euarchontoglires,Glires,Rodentia,Myomorpha,Muroidea,Muridae,Murinae,Mus,Coelomys,,,,
Anser indicus,cellular organisms,Eukaryota,Opisthokonta,Metazoa,Eumetazoa,Bilateria,Deuterostomia,Chordata,Craniata,Vertebrata,Gnathostomata,Teleostomi,Euteleostomi,Sarcopterygii,Dipnotetrapodomorpha,Tetrapoda,Amniota,Sauropsida,Sauria,Archelosauria,Archosauria,Dinosauria,Saurischia,Theropoda,Coelurosauria,Aves,Neognathae,Galloanserae,Anseriformes,Anatidae,Anserinae,Anser,,
Manis javanica,cellular organisms,Eukaryota,Opisthokonta,Metazoa,Eumetazoa,Bilateria,Deuterostomia,Chordata,Craniata,Vertebrata,Gnathostomata,Teleostomi,Euteleostomi,Sarcopterygii,Dipnotetrapodomorpha,Tetrapoda,Amniota,Mammalia,Theria,Eutheria,Boreoeutheria,Laurasiatheria,Pholidota,Manidae,Manis,,,,,,,,,
Miniopterus natalensis,cellular organisms,Eukaryota,Opisthokonta,Metazoa,Eumetazoa,Bilateria,Deuterostomia,Chordata,Craniata,Vertebrata,Gnathostomata,Teleostomi,Euteleostomi,Sarcopterygii,Dipnotetrapodomorpha,Tetrapoda,Amniota,Mammalia,Theria,Eutheria,Boreoeutheria,Laurasiatheria,Chiroptera,Yangochiroptera,Miniopteridae,Miniopterus,,,,,,,,
Miniopterus africanus,cellular organisms,Eukaryota,Opisthokonta,Metazoa,Eumetazoa,Bilateria,Deuterostomia,Chordata,Craniata,Vertebrata,Gnathostomata,Teleostomi,Euteleostomi,Sarcopterygii,Dipnotetrapodomorpha,Tetrapoda,Amniota,Mammalia,Theria,Eutheria,Boreoeutheria,Laurasiatheria,Chiroptera,Yangochiroptera,Miniopteridae,Miniopterus,,,,,,,,
Meriones unguiculatus,cellular organisms,Eukaryota,Opisthokonta,Metazoa,Eumetazoa,Bilateria,Deuterostomia,Chordata,Craniata,Vertebrata,Gnathostomata,Teleostomi,Euteleostomi,Sarcopterygii,Dipnotetrapodomorpha,Tetrapoda,Amniota,Mammalia,Theria,Eutheria,Boreoeutheria,Euarchontoglires,Glires,Rodentia,Myomorpha,Muroidea,Muridae,Gerbillinae,Meriones,,,,,
Corvus,cellular organisms,Eukaryota,Opisthokonta,Metazoa,Eumetazoa,Bilateria,Deuterostomia,Chordata,Craniata,Vertebrata,Gnathostomata,Teleostomi,Euteleostomi,Sarcopterygii,Dipnotetrapodomorpha,Tetrapoda,Amniota,Sauropsida,Sauria,Archelosauria,Archosauria,Dinosauria,Saurischia,Theropoda,Coelurosauria,Aves,Neognathae,Neoaves,Telluraves,Australaves,Passeriformes,Corvoidea,Corvidae,
Spatula clypeata,cellular organisms,Eukaryota,Opisthokonta,Metazoa,Eumetazoa,Bilateria,Deuterostomia,Chordata,Craniata,Vertebrata,Gnathostomata,Teleostomi,Euteleostomi,Sarcopterygii,Dipnotetrapodomorpha,Tetrapoda,Amniota,Sauropsida,Sauria,Archelosauria,Archosauria,Dinosauria,Saurischia,Theropoda,Coelurosauria,Aves,Neognathae,Galloanserae,Anseriformes,Anatidae,Anatinae,Spatula,,
Spilopelia senegalensis,cellular organisms,Eukaryota,Opisthokonta,Metazoa,Eumetazoa,Bilateria,Deuterostomia,Chordata,Craniata,Vertebrata,Gnathostomata,Teleostomi,Euteleostomi,Sarcopterygii,Dipnotetrapodomorpha,Tetrapoda,Amniota,Sauropsida,Sauria,Archelosauria,Archosauria,Dinosauria,Saurischia,Theropoda,Coelurosauria,Aves,Neognathae,Neoaves,Columbimorphae,Columbiformes,Columbidae,Spilopelia,,
Myotis fimbriatus,cellular organisms,Eukaryota,Opisthokonta,Metazoa,Eumetazoa,Bilateria,Deuterostomia,Chordata,Craniata,Vertebrata,Gnathostomata,Teleostomi,Euteleostomi,Sarcopterygii,Dipnotetrapodomorpha,Tetrapoda,Amniota,Mammalia,Theria,Eutheria,Boreoeutheria,Laurasiatheria,Chiroptera,Yangochiroptera,Vespertilionidae,Myotis,,,,,,,,
Prunella montanella,cellular organisms,Eukaryota,Opisthokonta,Metazoa,Eumetazoa,Bilateria,Deuterostomia,Chordata,Craniata,Vertebrata,Gnathostomata,Teleostomi,Euteleostomi,Sarcopterygii,Dipnotetrapodomorpha,Tetrapoda,Amniota,Sauropsida,Sauria,Archelosauria,Archosauria,Dinosauria,Saurischia,Theropoda,Coelurosauria,Aves,Neognathae,Neoaves,Telluraves,Australaves,Passeriformes,Passeroidea,Prunellidae,Prunella
Periparus ater,cellular organisms,Eukaryota,Opisthokonta,Metazoa,Eumetazoa,Bilateria,Deuterostomia,Chordata,Craniata,Vertebrata,Gnathostomata,Teleostomi,Euteleostomi,Sarcopterygii,Dipnotetrapodomorpha,Tetrapoda,Amniota,Sauropsida,Sauria,Archelosauria,Archosauria,Dinosauria,Saurischia,Theropoda,Coelurosauria,Aves,Neognathae,Neoaves,Telluraves,Australaves,Passeriformes,Paridae,Periparus,
Phylloscopus inornatus,cellular organisms,Eukaryota,Opisthokonta,Metazoa,Eumetazoa,Bilateria,Deuterostomia,Chordata,Craniata,Vertebrata,Gnathostomata,Teleostomi,Euteleostomi,Sarcopterygii,Dipnotetrapodomorpha,Tetrapoda,Amniota,Sauropsida,Sauria,Archelosauria,Archosauria,Dinosauria,Saurischia,Theropoda,Coelurosauria,Aves,Neognathae,Neoaves,Telluraves,Australaves,Passeriformes,Sylvioidea,Phylloscopidae,Phylloscopus
Cyanopica cyanus,cellular organisms,Eukaryota,Opisthokonta,Metazoa,Eumetazoa,Bilateria,Deuterostomia,Chordata,Craniata,Vertebrata,Gnathostomata,Teleostomi,Euteleostomi,Sarcopterygii,Dipnotetrapodomorpha,Tetrapoda,Amniota,Sauropsida,Sauria,Archelosauria,Archosauria,Dinosauria,Saurischia,Theropoda,Coelurosauria,Aves,Neognathae,Neoaves,Telluraves,Australaves,Passeriformes,Corvoidea,Corvidae,Cyanopica
Calliope calliope,cellular organisms,Eukaryota,Opisthokonta,Metazoa,Eumetazoa,Bilateria,Deuterostomia,Chordata,Craniata,Vertebrata,Gnathostomata,Teleostomi,Euteleostomi,Sarcopterygii,Dipnotetrapodomorpha,Tetrapoda,Amniota,Sauropsida,Sauria,Archelosauria,Archosauria,Dinosauria,Saurischia,Theropoda,Coelurosauria,Aves,Neognathae,Neoaves,Telluraves,Australaves,Passeriformes,Muscicapidae,Calliope,
Turdus philomelos,cellular organisms,Eukaryota,Opisthokonta,Metazoa,Eumetazoa,Bilateria,Deuterostomia,Chordata,Craniata,Vertebrata,Gnathostomata,Teleostomi,Euteleostomi,Sarcopterygii,Dipnotetrapodomorpha,Tetrapoda,Amniota,Sauropsida,Sauria,Archelosauria,Archosauria,Dinosauria,Saurischia,Theropoda,Coelurosauria,Aves,Neognathae,Neoaves,Telluraves,Australaves,Passeriformes,Turdidae,Turdus,
Zosterops lateralis,cellular organisms,Eukaryota,Opisthokonta,Metazoa,Eumetazoa,Bilateria,Deuterostomia,Chordata,Craniata,Vertebrata,Gnathostomata,Teleostomi,Euteleostomi,Sarcopterygii,Dipnotetrapodomorpha,Tetrapoda,Amniota,Sauropsida,Sauria,Archelosauria,Archosauria,Dinosauria,Saurischia,Theropoda,Coelurosauria,Aves,Neognathae,Neoaves,Telluraves,Australaves,Passeriformes,Sylvioidea,Zosteropidae,Zosterops
Petroica macrocephala,cellular organisms,Eukaryota,Opisthokonta,Metazoa,Eumetazoa,Bilateria,Deuterostomia,Chordata,Craniata,Vertebrata,Gnathostomata,Teleostomi,Euteleostomi,Sarcopterygii,Dipnotetrapodomorpha,Tetrapoda,Amniota,Sauropsida,Sauria,Archelosauria,Archosauria,Dinosauria,Saurischia,Theropoda,Coelurosauria,Aves,Neognathae,Neoaves,Telluraves,Australaves,Passeriformes,Petroicidae,Petroica,
Pan troglodytes,cellular organisms,Eukaryota,Opisthokonta,Metazoa,Eumetazoa,Bilateria,Deuterostomia,Chordata,Craniata,Vertebrata,Gnathostomata,Teleostomi,Euteleostomi,Sarcopterygii,Dipnotetrapodomorpha,Tetrapoda,Amniota,Mammalia,Theria,Eutheria,Boreoeutheria,Euarchontoglires,Primates,Haplorrhini,Simiiformes,Catarrhini,Hominoidea,Hominidae,Homininae,Pan,,,,
Paguma larvata,cellular organisms,Eukaryota,Opisthokonta,Metazoa,Eumetazoa,Bilateria,Deuterostomia,Chordata,Craniata,Vertebrata,Gnathostomata,Teleostomi,Euteleostomi,Sarcopterygii,Dipnotetrapodomorpha,Tetrapoda,Amniota,Mammalia,Theria,Eutheria,Boreoeutheria,Laurasiatheria,Carnivora,Feliformia,Viverridae,Paradoxurinae,Paguma,,,,,,,
Paradoxurus hermaphroditus,cellular organisms,Eukaryota,Opisthokonta,Metazoa,Eumetazoa,Bilateria,Deuterostomia,Chordata,Craniata,Vertebrata,Gnathostomata,Teleostomi,Euteleostomi,Sarcopterygii,Dipnotetrapodomorpha,Tetrapoda,Amniota,Mammalia,Theria,Eutheria,Boreoeutheria,Laurasiatheria,Carnivora,Feliformia,Viverridae,Paradoxurinae,Paradoxurus,,,,,,,
Cygnus olor,cellular organisms,Eukaryota,Opisthokonta,Metazoa,Eumetazoa,Bilateria,Deuterostomia,Chordata,Craniata,Vertebrata,Gnathostomata,Teleostomi,Euteleostomi,Sarcopterygii,Dipnotetrapodomorpha,Tetrapoda,Amniota,Sauropsida,Sauria,Archelosauria,Archosauria,Dinosauria,Saurischia,Theropoda,Coelurosauria,Aves,Neognathae,Galloanserae,Anseriformes,Anatidae,Anserinae,Cygnus,,
Myodes,cellular organisms,Eukaryota,Opisthokonta,Metazoa,Eumetazoa,Bilateria,Deuterostomia,Chordata,Craniata,Vertebrata,Gnathostomata,Teleostomi,Euteleostomi,Sarcopterygii,Dipnotetrapodomorpha,Tetrapoda,Amniota,Mammalia,Theria,Eutheria,Boreoeutheria,Euarchontoglires,Glires,Rodentia,Myomorpha,Muroidea,Cricetidae,Arvicolinae,,,,,,
Myocastor coypus,cellular organisms,Eukaryota,Opisthokonta,Metazoa,Eumetazoa,Bilateria,Deuterostomia,Chordata,Craniata,Vertebrata,Gnathostomata,Teleostomi,Euteleostomi,Sarcopterygii,Dipnotetrapodomorpha,Tetrapoda,Amniota,Mammalia,Theria,Eutheria,Boreoeutheria,Euarchontoglires,Glires,Rodentia,Hystricomorpha,Myocastoridae,Myocastor,,,,,,,
Gobiomorphus cotidianus,cellular organisms,Eukaryota,Opisthokonta,Metazoa,Eumetazoa,Bilateria,Deuterostomia,Chordata,Craniata,Vertebrata,Gnathostomata,Teleostomi,Euteleostomi,Actinopterygii,Actinopteri,Neopterygii,Teleostei,Osteoglossocephalai,Clupeocephala,Euteleosteomorpha,Neoteleostei,Eurypterygia,Ctenosquamata,Acanthomorphata,Euacanthomorphacea,Percomorphaceae,Gobiaria,Gobiiformes,Eleotroidei,Eleotridae,Eleotrinae,Gobiomorphus,,
Callosciurus erythraeus,cellular organisms,Eukaryota,Opisthokonta,Metazoa,Eumetazoa,Bilateria,Deuterostomia,Chordata,Craniata,Vertebrata,Gnathostomata,Teleostomi,Euteleostomi,Sarcopterygii,Dipnotetrapodomorpha,Tetrapoda,Amniota,Mammalia,Theria,Eutheria,Boreoeutheria,Euarchontoglires,Glires,Rodentia,Sciuromorpha,Sciuridae,Callosciurinae,Callosciurini,Callosciurus,,,,,
Sciurus vulgaris,cellular organisms,Eukaryota,Opisthokonta,Metazoa,Eumetazoa,Bilateria,Deuterostomia,Chordata,Craniata,Vertebrata,Gnathostomata,Teleostomi,Euteleostomi,Sarcopterygii,Dipnotetrapodomorpha,Tetrapoda,Amniota,Mammalia,Theria,Eutheria,Boreoeutheria,Euarchontoglires,Glires,Rodentia,Sciuromorpha,Sciuridae,Sciurinae,Sciurini,Sciurus,,,,,
Marmota caudata,cellular organisms,Eukaryota,Opisthokonta,Metazoa,Eumetazoa,Bilateria,Deuterostomia,Chordata,Craniata,Vertebrata,Gnathostomata,Teleostomi,Euteleostomi,Sarcopterygii,Dipnotetrapodomorpha,Tetrapoda,Amniota,Mammalia,Theria,Eutheria,Boreoeutheria,Euarchontoglires,Glires,Rodentia,Sciuromorpha,Sciuridae,Xerinae,Marmotini,Marmota,,,,,
Corvus splendens,cellular organisms,Eukaryota,Opisthokonta,Metazoa,Eumetazoa,Bilateria,Deuterostomia,Chordata,Craniata,Vertebrata,Gnathostomata,Teleostomi,Euteleostomi,Sarcopterygii,Dipnotetrapodomorpha,Tetrapoda,Amniota,Sauropsida,Sauria,Archelosauria,Archosauria,Dinosauria,Saurischia,Theropoda,Coelurosauria,Aves,Neognathae,Neoaves,Telluraves,Australaves,Passeriformes,Corvoidea,Corvidae,Corvus
Spilopelia chinensis,cellular organisms,Eukaryota,Opisthokonta,Metazoa,Eumetazoa,Bilateria,Deuterostomia,Chordata,Craniata,Vertebrata,Gnathostomata,Teleostomi,Euteleostomi,Sarcopterygii,Dipnotetrapodomorpha,Tetrapoda,Amniota,Sauropsida,Sauria,Archelosauria,Archosauria,Dinosauria,Saurischia,Theropoda,Coelurosauria,Aves,Neognathae,Neoaves,Columbimorphae,Columbiformes,Columbidae,Spilopelia,,
Columbidae,cellular organisms,Eukaryota,Opisthokonta,Metazoa,Eumetazoa,Bilateria,Deuterostomia,Chordata,Craniata,Vertebrata,Gnathostomata,Teleostomi,Euteleostomi,Sarcopterygii,Dipnotetrapodomorpha,Tetrapoda,Amniota,Sauropsida,Sauria,Archelosauria,Archosauria,Dinosauria,Saurischia,Theropoda,Coelurosauria,Aves,Neognathae,Neoaves,Columbimorphae,Columbiformes,,,,
Miniopterus gleni,cellular organisms,Eukaryota,Opisthokonta,Metazoa,Eumetazoa,Bilateria,Deuterostomia,Chordata,Craniata,Vertebrata,Gnathostomata,Teleostomi,Euteleostomi,Sarcopterygii,Dipnotetrapodomorpha,Tetrapoda,Amniota,Mammalia,Theria,Eutheria,Boreoeutheria,Laurasiatheria,Chiroptera,Yangochiroptera,Miniopteridae,Miniopterus,,,,,,,,
Miniopterus mahafaliensis,cellular organisms,Eukaryota,Opisthokonta,Metazoa,Eumetazoa,Bilateria,Deuterostomia,Chordata,Craniata,Vertebrata,Gnathostomata,Teleostomi,Euteleostomi,Sarcopterygii,Dipnotetrapodomorpha,Tetrapoda,Amniota,Mammalia,Theria,Eutheria,Boreoeutheria,Laurasiatheria,Chiroptera,Yangochiroptera,Miniopteridae,Miniopterus,,,,,,,,
Miniopterus manavi,cellular organisms,Eukaryota,Opisthokonta,Metazoa,Eumetazoa,Bilateria,Deuterostomia,Chordata,Craniata,Vertebrata,Gnathostomata,Teleostomi,Euteleostomi,Sarcopterygii,Dipnotetrapodomorpha,Tetrapoda,Amniota,Mammalia,Theria,Eutheria,Boreoeutheria,Laurasiatheria,Chiroptera,Yangochiroptera,Miniopteridae,Miniopterus,,,,,,,,
Miniopterus sororculus,cellular organisms,Eukaryota,Opisthokonta,Metazoa,Eumetazoa,Bilateria,Deuterostomia,Chordata,Craniata,Vertebrata,Gnathostomata,Teleostomi,Euteleostomi,Sarcopterygii,Dipnotetrapodomorpha,Tetrapoda,Amniota,Mammalia,Theria,Eutheria,Boreoeutheria,Laurasiatheria,Chiroptera,Yangochiroptera,Miniopteridae,Miniopterus,,,,,,,,
Triaenops menamena,cellular organisms,Eukaryota,Opisthokonta,Metazoa,Eumetazoa,Bilateria,Deuterostomia,Chordata,Craniata,Vertebrata,Gnathostomata,Teleostomi,Euteleostomi,Sarcopterygii,Dipnotetrapodomorpha,Tetrapoda,Amniota,Mammalia,Theria,Eutheria,Boreoeutheria,Laurasiatheria,Chiroptera,Yinpterochiroptera,Rhinolophoidea,Rhinonycteridae,Triaenops,,,,,,,
Chaerephon leucogaster,cellular organisms,Eukaryota,Opisthokonta,Metazoa,Eumetazoa,Bilateria,Deuterostomia,Chordata,Craniata,Vertebrata,Gnathostomata,Teleostomi,Euteleostomi,Sarcopterygii,Dipnotetrapodomorpha,Tetrapoda,Amniota,Mammalia,Theria,Eutheria,Boreoeutheria,Laurasiatheria,Chiroptera,Yangochiroptera,Molossidae,Mops,,,,,,,,
Mops leucostigma,cellular organisms,Eukaryota,Opisthokonta,Metazoa,Eumetazoa,Bilateria,Deuterostomia,Chordata,Craniata,Vertebrata,Gnathostomata,Teleostomi,Euteleostomi,Sarcopterygii,Dipnotetrapodomorpha,Tetrapoda,Amniota,Mammalia,Theria,Eutheria,Boreoeutheria,Laurasiatheria,Chiroptera,Yangochiroptera,Molossidae,Mops,,,,,,,,
Macronycteris commersoni,cellular organisms,Eukaryota,Opisthokonta,Metazoa,Eumetazoa,Bilateria,Deuterostomia,Chordata,Craniata,Vertebrata,Gnathostomata,Teleostomi,Euteleostomi,Sarcopterygii,Dipnotetrapodomorpha,Tetrapoda,Amniota,Mammalia,Theria,Eutheria,Boreoeutheria,Laurasiatheria,Chiroptera,Yinpterochiroptera,Rhinolophoidea,Hipposideridae,Macronycteris,,,,,,,
Phrynocephalus erythrurus,cellular organisms,Eukaryota,Opisthokonta,Metazoa,Eumetazoa,Bilateria,Deuterostomia,Chordata,Craniata,Vertebrata,Gnathostomata,Teleostomi,Euteleostomi,Sarcopterygii,Dipnotetrapodomorpha,Tetrapoda,Amniota,Sauropsida,Sauria,Lepidosauria,Squamata,Bifurcata,Unidentata,Episquamata,Toxicofera,Iguania,Acrodonta,Agamidae,Agaminae,Phrynocephalus,,,,
Phrynocephalus theobaldi,cellular organisms,Eukaryota,Opisthokonta,Metazoa,Eumetazoa,Bilateria,Deuterostomia,Chordata,Craniata,Vertebrata,Gnathostomata,Teleostomi,Euteleostomi,Sarcopterygii,Dipnotetrapodomorpha,Tetrapoda,Amniota,Sauropsida,Sauria,Lepidosauria,Squamata,Bifurcata,Unidentata,Episquamata,Toxicofera,Iguania,Acrodonta,Agamidae,Agaminae,Phrynocephalus,,,,
Eptesicus regulus,cellular organisms,Eukaryota,Opisthokonta,Metazoa,Eumetazoa,Bilateria,Deuterostomia,Chordata,Craniata,Vertebrata,Gnathostomata,Teleostomi,Euteleostomi,Sarcopterygii,Dipnotetrapodomorpha,Tetrapoda,Amniota,Mammalia,Theria,Eutheria,Boreoeutheria,Laurasiatheria,Chiroptera,Yangochiroptera,Vespertilionidae,Vespadelus,,,,,,,,
Aves,cellular organisms,Eukaryota,Opisthokonta,Metazoa,Eumetazoa,Bilateria,Deuterostomia,Chordata,Craniata,Vertebrata,Gnathostomata,Teleostomi,Euteleostomi,Sarcopterygii,Dipnotetrapodomorpha,Tetrapoda,Amniota,Sauropsida,Sauria,Archelosauria,Archosauria,Dinosauria,Saurischia,Theropoda,Coelurosauria,,,,,,,,,
Mormopterus sp. BBvV-2008,cellular organisms,Eukaryota,Opisthokonta,Metazoa,Eumetazoa,Bilateria,Deuterostomia,Chordata,Craniata,Vertebrata,Gnathostomata,Teleostomi,Euteleostomi,Sarcopterygii,Dipnotetrapodomorpha,Tetrapoda,Amniota,Mammalia,Theria,Eutheria,Boreoeutheria,Laurasiatheria,Chiroptera,Yangochiroptera,Molossidae,Mormopterus,,,,,,,,
Ailurus fulgens,cellular organisms,Eukaryota,Opisthokonta,Metazoa,Eumetazoa,Bilateria,Deuterostomia,Chordata,Craniata,Vertebrata,Gnathostomata,Teleostomi,Euteleostomi,Sarcopterygii,Dipnotetrapodomorpha,Tetrapoda,Amniota,Mammalia,Theria,Eutheria,Boreoeutheria,Laurasiatheria,Carnivora,Caniformia,Musteloidea,Ailuridae,Ailurus,,,,,,,
Macaca mulatta,cellular organisms,Eukaryota,Opisthokonta,Metazoa,Eumetazoa,Bilateria,Deuterostomia,Chordata,Craniata,Vertebrata,Gnathostomata,Teleostomi,Euteleostomi,Sarcopterygii,Dipnotetrapodomorpha,Tetrapoda,Amniota,Mammalia,Theria,Eutheria,Boreoeutheria,Euarchontoglires,Primates,Haplorrhini,Simiiformes,Catarrhini,Cercopithecoidea,Cercopithecidae,Cercopithecinae,Macaca,,,,
Bovidae,cellular organisms,Eukaryota,Opisthokonta,Metazoa,Eumetazoa,Bilateria,Deuterostomia,Chordata,Craniata,Vertebrata,Gnathostomata,Teleostomi,Euteleostomi,Sarcopterygii,Dipnotetrapodomorpha,Tetrapoda,Amniota,Mammalia,Theria,Eutheria,Boreoeutheria,Laurasiatheria,Artiodactyla,Ruminantia,Pecora,,,,,,,,,
Arenaria interpres,cellular organisms,Eukaryota,Opisthokonta,Metazoa,Eumetazoa,Bilateria,Deuterostomia,Chordata,Craniata,Vertebrata,Gnathostomata,Teleostomi,Euteleostomi,Sarcopterygii,Dipnotetrapodomorpha,Tetrapoda,Amniota,Sauropsida,Sauria,Archelosauria,Archosauria,Dinosauria,Saurischia,Theropoda,Coelurosauria,Aves,Neognathae,Neoaves,Charadriiformes,Scolopacidae,Arenaria,,,
Odobenus rosmarus,cellular organisms,Eukaryota,Opisthokonta,Metazoa,Eumetazoa,Bilateria,Deuterostomia,Chordata,Craniata,Vertebrata,Gnathostomata,Teleostomi,Euteleostomi,Sarcopterygii,Dipnotetrapodomorpha,Tetrapoda,Amniota,Mammalia,Theria,Eutheria,Boreoeutheria,Laurasiatheria,Carnivora,Caniformia,Pinnipedia,Odobenidae,Odobenus,,,,,,,
Myotis daubentonii,cellular organisms,Eukaryota,Opisthokonta,Metazoa,Eumetazoa,Bilateria,Deuterostomia,Chordata,Craniata,Vertebrata,Gnathostomata,Teleostomi,Euteleostomi,Sarcopterygii,Dipnotetrapodomorpha,Tetrapoda,Amniota,Mammalia,Theria,Eutheria,Boreoeutheria,Laurasiatheria,Chiroptera,Yangochiroptera,Vespertilionidae,Myotis,,,,,,,,
Pipistrellus sp. pipistrellus/pygmaeus AO-2021,cellular organisms,Eukaryota,Opisthokonta,Metazoa,Eumetazoa,Bilateria,Deuterostomia,Chordata,Craniata,Vertebrata,Gnathostomata,Teleostomi,Euteleostomi,Sarcopterygii,Dipnotetrapodomorpha,Tetrapoda,Amniota,Mammalia,Theria,Eutheria,Boreoeutheria,Laurasiatheria,Chiroptera,Yangochiroptera,Vespertilionidae,Pipistrellus,unclassified Pipistrellus,,,,,,,
Plecotus auritus,cellular organisms,Eukaryota,Opisthokonta,Metazoa,Eumetazoa,Bilateria,Deuterostomia,Chordata,Craniata,Vertebrata,Gnathostomata,Teleostomi,Euteleostomi,Sarcopterygii,Dipnotetrapodomorpha,Tetrapoda,Amniota,Mammalia,Theria,Eutheria,Boreoeutheria,Laurasiatheria,Chiroptera,Yangochiroptera,Vespertilionidae,Plecotus,,,,,,,,
Vespertilio murinus,cellular organisms,Eukaryota,Opisthokonta,Metazoa,Eumetazoa,Bilateria,Deuterostomia,Chordata,Craniata,Vertebrata,Gnathostomata,Teleostomi,Euteleostomi,Sarcopterygii,Dipnotetrapodomorpha,Tetrapoda,Amniota,Mammalia,Theria,Eutheria,Boreoeutheria,Laurasiatheria,Chiroptera,Yangochiroptera,Vespertilionidae,Vespertilio,,,,,,,,
Leiopotherapon unicolor,cellular organisms,Eukaryota,Opisthokonta,Metazoa,Eumetazoa,Bilateria,Deuterostomia,Chordata,Craniata,Vertebrata,Gnathostomata,Teleostomi,Euteleostomi,Actinopterygii,Actinopteri,Neopterygii,Teleostei,Osteoglossocephalai,Clupeocephala,Euteleosteomorpha,Neoteleostei,Eurypterygia,Ctenosquamata,Acanthomorphata,Euacanthomorphacea,Percomorphaceae,Eupercaria,Centrarchiformes,Terapontoidei,Terapontidae,Leiopotherapon,,,
Gambusia holbrooki,cellular organisms,Eukaryota,Opisthokonta,Metazoa,Eumetazoa,Bilateria,Deuterostomia,Chordata,Craniata,Vertebrata,Gnathostomata,Teleostomi,Euteleostomi,Actinopterygii,Actinopteri,Neopterygii,Teleostei,Osteoglossocephalai,Clupeocephala,Euteleosteomorpha,Neoteleostei,Eurypterygia,Ctenosquamata,Acanthomorphata,Euacanthomorphacea,Percomorphaceae,Ovalentaria,Atherinomorphae,Cyprinodontiformes,Cyprinodontoidei,Poeciliidae,Poeciliinae,Gambusia,
Melanotaenia fluviatilis,cellular organisms,Eukaryota,Opisthokonta,Metazoa,Eumetazoa,Bilateria,Deuterostomia,Chordata,Craniata,Vertebrata,Gnathostomata,Teleostomi,Euteleostomi,Actinopterygii,Actinopteri,Neopterygii,Teleostei,Osteoglossocephalai,Clupeocephala,Euteleosteomorpha,Neoteleostei,Eurypterygia,Ctenosquamata,Acanthomorphata,Euacanthomorphacea,Percomorphaceae,Ovalentaria,Atherinomorphae,Atheriniformes,Melanotaeniidae,Melanotaenia,,,
Desmodus rotundus,cellular organisms,Eukaryota,Opisthokonta,Metazoa,Eumetazoa,Bilateria,Deuterostomia,Chordata,Craniata,Vertebrata,Gnathostomata,Teleostomi,Euteleostomi,Sarcopterygii,Dipnotetrapodomorpha,Tetrapoda,Amniota,Mammalia,Theria,Eutheria,Boreoeutheria,Laurasiatheria,Chiroptera,Yangochiroptera,Phyllostomidae,Desmodontinae,Desmodus,,,,,,,
Helicolenus barathri,cellular organisms,Eukaryota,Opisthokonta,Metazoa,Eumetazoa,Bilateria,Deuterostomia,Chordata,Craniata,Vertebrata,Gnathostomata,Teleostomi,Euteleostomi,Actinopterygii,Actinopteri,Neopterygii,Teleostei,Osteoglossocephalai,Clupeocephala,Euteleosteomorpha,Neoteleostei,Eurypterygia,Ctenosquamata,Acanthomorphata,Euacanthomorphacea,Percomorphaceae,Eupercaria,Perciformes,Scorpaenoidei,Sebastidae,Sebastinae,Helicolenus,,
Platycephalus richardsoni,cellular organisms,Eukaryota,Opisthokonta,Metazoa,Eumetazoa,Bilateria,Deuterostomia,Chordata,Craniata,Vertebrata,Gnathostomata,Teleostomi,Euteleostomi,Actinopterygii,Actinopteri,Neopterygii,Teleostei,Osteoglossocephalai,Clupeocephala,Euteleosteomorpha,Neoteleostei,Eurypterygia,Ctenosquamata,Acanthomorphata,Euacanthomorphacea,Percomorphaceae,Eupercaria,Perciformes,Platycephaloidei,Platycephalidae,Platycephalus,,,
Zeus faber,cellular organisms,Eukaryota,Opisthokonta,Metazoa,Eumetazoa,Bilateria,Deuterostomia,Chordata,Craniata,Vertebrata,Gnathostomata,Teleostomi,Euteleostomi,Actinopterygii,Actinopteri,Neopterygii,Teleostei,Osteoglossocephalai,Clupeocephala,Euteleosteomorpha,Neoteleostei,Eurypterygia,Ctenosquamata,Acanthomorphata,Paracanthopterygii,Zeiogadaria,Zeariae,Zeiformes,Zeidae,Zeus,,,,
Chelidonichthys cuculus,cellular organisms,Eukaryota,Opisthokonta,Metazoa,Eumetazoa,Bilateria,Deuterostomia,Chordata,Craniata,Vertebrata,Gnathostomata,Teleostomi,Euteleostomi,Actinopterygii,Actinopteri,Neopterygii,Teleostei,Osteoglossocephalai,Clupeocephala,Euteleosteomorpha,Neoteleostei,Eurypterygia,Ctenosquamata,Acanthomorphata,Euacanthomorphacea,Percomorphaceae,Eupercaria,Perciformes,Triglioidei,Triglidae,Chelidonichthys,,,
Tupaia glis,cellular organisms,Eukaryota,Opisthokonta,Metazoa,Eumetazoa,Bilateria,Deuterostomia,Chordata,Craniata,Vertebrata,Gnathostomata,Teleostomi,Euteleostomi,Sarcopterygii,Dipnotetrapodomorpha,Tetrapoda,Amniota,Mammalia,Theria,Eutheria,Boreoeutheria,Euarchontoglires,Scandentia,Tupaiidae,Tupaia,,,,,,,,,
Callosciurus notatus,cellular organisms,Eukaryota,Opisthokonta,Metazoa,Eumetazoa,Bilateria,Deuterostomia,Chordata,Craniata,Vertebrata,Gnathostomata,Teleostomi,Euteleostomi,Sarcopterygii,Dipnotetrapodomorpha,Tetrapoda,Amniota,Mammalia,Theria,Eutheria,Boreoeutheria,Euarchontoglires,Glires,Rodentia,Sciuromorpha,Sciuridae,Callosciurinae,Callosciurini,Callosciurus,,,,,
Mus musculus castaneus,cellular organisms,Eukaryota,Opisthokonta,Metazoa,Eumetazoa,Bilateria,Deuterostomia,Chordata,Craniata,Vertebrata,Gnathostomata,Teleostomi,Euteleostomi,Sarcopterygii,Dipnotetrapodomorpha,Tetrapoda,Amniota,Mammalia,Theria,Eutheria,Boreoeutheria,Euarchontoglires,Glires,Rodentia,Myomorpha,Muroidea,Muridae,Murinae,Mus,Mus,Mus musculus,,,
Rattus annandalei,cellular organisms,Eukaryota,Opisthokonta,Metazoa,Eumetazoa,Bilateria,Deuterostomia,Chordata,Craniata,Vertebrata,Gnathostomata,Teleostomi,Euteleostomi,Sarcopterygii,Dipnotetrapodomorpha,Tetrapoda,Amniota,Mammalia,Theria,Eutheria,Boreoeutheria,Euarchontoglires,Glires,Rodentia,Myomorpha,Muroidea,Muridae,Murinae,Rattus,,,,,
Pipistrellus kuhlii,cellular organisms,Eukaryota,Opisthokonta,Metazoa,Eumetazoa,Bilateria,Deuterostomia,Chordata,Craniata,Vertebrata,Gnathostomata,Teleostomi,Euteleostomi,Sarcopterygii,Dipnotetrapodomorpha,Tetrapoda,Amniota,Mammalia,Theria,Eutheria,Boreoeutheria,Laurasiatheria,Chiroptera,Yangochiroptera,Vespertilionidae,Pipistrellus,,,,,,,,
Artibeus planirostris,cellular organisms,Eukaryota,Opisthokonta,Metazoa,Eumetazoa,Bilateria,Deuterostomia,Chordata,Craniata,Vertebrata,Gnathostomata,Teleostomi,Euteleostomi,Sarcopterygii,Dipnotetrapodomorpha,Tetrapoda,Amniota,Mammalia,Theria,Eutheria,Boreoeutheria,Laurasiatheria,Chiroptera,Yangochiroptera,Phyllostomidae,Stenodermatinae,Artibeus,,,,,,,
Anas superciliosa,cellular organisms,Eukaryota,Opisthokonta,Metazoa,Eumetazoa,Bilateria,Deuterostomia,Chordata,Craniata,Vertebrata,Gnathostomata,Teleostomi,Euteleostomi,Sarcopterygii,Dipnotetrapodomorpha,Tetrapoda,Amniota,Sauropsida,Sauria,Archelosauria,Archosauria,Dinosauria,Saurischia,Theropoda,Coelurosauria,Aves,Neognathae,Galloanserae,Anseriformes,Anatidae,Anatinae,Anas,,
Anas castanea,cellular organisms,Eukaryota,Opisthokonta,Metazoa,Eumetazoa,Bilateria,Deuterostomia,Chordata,Craniata,Vertebrata,Gnathostomata,Teleostomi,Euteleostomi,Sarcopterygii,Dipnotetrapodomorpha,Tetrapoda,Amniota,Sauropsida,Sauria,Archelosauria,Archosauria,Dinosauria,Saurischia,Theropoda,Coelurosauria,Aves,Neognathae,Galloanserae,Anseriformes,Anatidae,Anatinae,Anas,,
Mandrillus sphinx,cellular organisms,Eukaryota,Opisthokonta,Metazoa,Eumetazoa,Bilateria,Deuterostomia,Chordata,Craniata,Vertebrata,Gnathostomata,Teleostomi,Euteleostomi,Sarcopterygii,Dipnotetrapodomorpha,Tetrapoda,Amniota,Mammalia,Theria,Eutheria,Boreoeutheria,Euarchontoglires,Primates,Haplorrhini,Simiiformes,Catarrhini,Cercopithecoidea,Cercopithecidae,Cercopithecinae,Mandrillus,,,,
Bandicota savilei,cellular organisms,Eukaryota,Opisthokonta,Metazoa,Eumetazoa,Bilateria,Deuterostomia,Chordata,Craniata,Vertebrata,Gnathostomata,Teleostomi,Euteleostomi,Sarcopterygii,Dipnotetrapodomorpha,Tetrapoda,Amniota,Mammalia,Theria,Eutheria,Boreoeutheria,Euarchontoglires,Glires,Rodentia,Myomorpha,Muroidea,Muridae,Murinae,Bandicota,,,,,
Cavia porcellus,cellular organisms,Eukaryota,Opisthokonta,Metazoa,Eumetazoa,Bilateria,Deuterostomia,Chordata,Craniata,Vertebrata,Gnathostomata,Teleostomi,Euteleostomi,Sarcopterygii,Dipnotetrapodomorpha,Tetrapoda,Amniota,Mammalia,Theria,Eutheria,Boreoeutheria,Euarchontoglires,Glires,Rodentia,Hystricomorpha,Caviidae,Cavia,,,,,,,
Tadarida brasiliensis,cellular organisms,Eukaryota,Opisthokonta,Metazoa,Eumetazoa,Bilateria,Deuterostomia,Chordata,Craniata,Vertebrata,Gnathostomata,Teleostomi,Euteleostomi,Sarcopterygii,Dipnotetrapodomorpha,Tetrapoda,Amniota,Mammalia,Theria,Eutheria,Boreoeutheria,Laurasiatheria,Chiroptera,Yangochiroptera,Molossidae,Tadarida,,,,,,,,
Odocoileus virginianus,cellular organisms,Eukaryota,Opisthokonta,Metazoa,Eumetazoa,Bilateria,Deuterostomia,Chordata,Craniata,Vertebrata,Gnathostomata,Teleostomi,Euteleostomi,Sarcopterygii,Dipnotetrapodomorpha,Tetrapoda,Amniota,Mammalia,Theria,Eutheria,Boreoeutheria,Laurasiatheria,Artiodactyla,Ruminantia,Pecora,Cervidae,Odocoileinae,Odocoileus,,,,,,
Accipiter nisus,cellular organisms,Eukaryota,Opisthokonta,Metazoa,Eumetazoa,Bilateria,Deuterostomia,Chordata,Craniata,Vertebrata,Gnathostomata,Teleostomi,Euteleostomi,Sarcopterygii,Dipnotetrapodomorpha,Tetrapoda,Amniota,Sauropsida,Sauria,Archelosauria,Archosauria,Dinosauria,Saurischia,Theropoda,Coelurosauria,Aves,Neognathae,Neoaves,Telluraves,Accipitrimorphae,Accipitriformes,Accipitridae,Accipitrinae,Accipiter
Macaca fascicularis,cellular organisms,Eukaryota,Opisthokonta,Metazoa,Eumetazoa,Bilateria,Deuterostomia,Chordata,Craniata,Vertebrata,Gnathostomata,Teleostomi,Euteleostomi,Sarcopterygii,Dipnotetrapodomorpha,Tetrapoda,Amniota,Mammalia,Theria,Eutheria,Boreoeutheria,Euarchontoglires,Primates,Haplorrhini,Simiiformes,Catarrhini,Cercopithecoidea,Cercopithecidae,Cercopithecinae,Macaca,,,,
Pteropus giganteus,cellular organisms,Eukaryota,Opisthokonta,Metazoa,Eumetazoa,Bilateria,Deuterostomia,Chordata,Craniata,Vertebrata,Gnathostomata,Teleostomi,Euteleostomi,Sarcopterygii,Dipnotetrapodomorpha,Tetrapoda,Amniota,Mammalia,Theria,Eutheria,Boreoeutheria,Laurasiatheria,Chiroptera,Yinpterochiroptera,Pteropodoidea,Pteropodidae,Pteropodinae,Pteropus,,,,,,
Triaenops persicus,cellular organisms,Eukaryota,Opisthokonta,Metazoa,Eumetazoa,Bilateria,Deuterostomia,Chordata,Craniata,Vertebrata,Gnathostomata,Teleostomi,Euteleostomi,Sarcopterygii,Dipnotetrapodomorpha,Tetrapoda,Amniota,Mammalia,Theria,Eutheria,Boreoeutheria,Laurasiatheria,Chiroptera,Yinpterochiroptera,Rhinolophoidea,Rhinonycteridae,Triaenops,,,,,,,
Triaenops afer,cellular organisms,Eukaryota,Opisthokonta,Metazoa,Eumetazoa,Bilateria,Deuterostomia,Chordata,Craniata,Vertebrata,Gnathostomata,Teleostomi,Euteleostomi,Sarcopterygii,Dipnotetrapodomorpha,Tetrapoda,Amniota,Mammalia,Theria,Eutheria,Boreoeutheria,Laurasiatheria,Chiroptera,Yinpterochiroptera,Rhinolophoidea,Rhinonycteridae,Triaenops,,,,,,,
Hipposideros ruber,cellular organisms,Eukaryota,Opisthokonta,Metazoa,Eumetazoa,Bilateria,Deuterostomia,Chordata,Craniata,Vertebrata,Gnathostomata,Teleostomi,Euteleostomi,Sarcopterygii,Dipnotetrapodomorpha,Tetrapoda,Amniota,Mammalia,Theria,Eutheria,Boreoeutheria,Laurasiatheria,Chiroptera,Yinpterochiroptera,Rhinolophoidea,Hipposideridae,Hipposideros,,,,,,,
Parahypsugo crassulus,cellular organisms,Eukaryota,Opisthokonta,Metazoa,Eumetazoa,Bilateria,Deuterostomia,Chordata,Craniata,Vertebrata,Gnathostomata,Teleostomi,Euteleostomi,Sarcopterygii,Dipnotetrapodomorpha,Tetrapoda,Amniota,Mammalia,Theria,Eutheria,Boreoeutheria,Laurasiatheria,Chiroptera,Yangochiroptera,Vespertilionidae,Nycticeinops,,,,,,,,
Macaca nemestrina,cellular organisms,Eukaryota,Opisthokonta,Metazoa,Eumetazoa,Bilateria,Deuterostomia,Chordata,Craniata,Vertebrata,Gnathostomata,Teleostomi,Euteleostomi,Sarcopterygii,Dipnotetrapodomorpha,Tetrapoda,Amniota,Mammalia,Theria,Eutheria,Boreoeutheria,Euarchontoglires,Primates,Haplorrhini,Simiiformes,Catarrhini,Cercopithecoidea,Cercopithecidae,Cercopithecinae,Macaca,,,,
Balionycteris maculata,cellular organisms,Eukaryota,Opisthokonta,Metazoa,Eumetazoa,Bilateria,Deuterostomia,Chordata,Craniata,Vertebrata,Gnathostomata,Teleostomi,Euteleostomi,Sarcopterygii,Dipnotetrapodomorpha,Tetrapoda,Amniota,Mammalia,Theria,Eutheria,Boreoeutheria,Laurasiatheria,Chiroptera,Yinpterochiroptera,Pteropodoidea,Pteropodidae,Cynopterinae,Balionycteris,,,,,,
Rousettus amplexicaudatus,cellular organisms,Eukaryota,Opisthokonta,Metazoa,Eumetazoa,Bilateria,Deuterostomia,Chordata,Craniata,Vertebrata,Gnathostomata,Teleostomi,Euteleostomi,Sarcopterygii,Dipnotetrapodomorpha,Tetrapoda,Amniota,Mammalia,Theria,Eutheria,Boreoeutheria,Laurasiatheria,Chiroptera,Yinpterochiroptera,Pteropodoidea,Pteropodidae,Rousettinae,Rousettus,,,,,,
Sundamys infraluteus,cellular organisms,Eukaryota,Opisthokonta,Metazoa,Eumetazoa,Bilateria,Deuterostomia,Chordata,Craniata,Vertebrata,Gnathostomata,Teleostomi,Euteleostomi,Sarcopterygii,Dipnotetrapodomorpha,Tetrapoda,Amniota,Mammalia,Theria,Eutheria,Boreoeutheria,Euarchontoglires,Glires,Rodentia,Myomorpha,Muroidea,Muridae,Murinae,Sundamys,,,,,
Mastomys natalensis,cellular organisms,Eukaryota,Opisthokonta,Metazoa,Eumetazoa,Bilateria,Deuterostomia,Chordata,Craniata,Vertebrata,Gnathostomata,Teleostomi,Euteleostomi,Sarcopterygii,Dipnotetrapodomorpha,Tetrapoda,Amniota,Mammalia,Theria,Eutheria,Boreoeutheria,Euarchontoglires,Glires,Rodentia,Myomorpha,Muroidea,Muridae,Murinae,Mastomys,,,,,
Apodemus sylvaticus,cellular organisms,Eukaryota,Opisthokonta,Metazoa,Eumetazoa,Bilateria,Deuterostomia,Chordata,Craniata,Vertebrata,Gnathostomata,Teleostomi,Euteleostomi,Sarcopterygii,Dipnotetrapodomorpha,Tetrapoda,Amniota,Mammalia,Theria,Eutheria,Boreoeutheria,Euarchontoglires,Glires,Rodentia,Myomorpha,Muroidea,Muridae,Murinae,Apodemus,Sylvaemus group,,,,
Tadarida,cellular organisms,Eukaryota,Opisthokonta,Metazoa,Eumetazoa,Bilateria,Deuterostomia,Chordata,Craniata,Vertebrata,Gnathostomata,Teleostomi,Euteleostomi,Sarcopterygii,Dipnotetrapodomorpha,Tetrapoda,Amniota,Mammalia,Theria,Eutheria,Boreoeutheria,Laurasiatheria,Chiroptera,Yangochiroptera,Molossidae,,,,,,,,,
Mastomys sp.,cellular organisms,Eukaryota,Opisthokonta,Metazoa,Eumetazoa,Bilateria,Deuterostomia,Chordata,Craniata,Vertebrata,Gnathostomata,Teleostomi,Euteleostomi,Sarcopterygii,Dipnotetrapodomorpha,Tetrapoda,Amniota,Mammalia,Theria,Eutheria,Boreoeutheria,Euarchontoglires,Glires,Rodentia,Myomorpha,Muroidea,Muridae,Murinae,Mastomys,unclassified Mastomys,,,,
Praomys,cellular organisms,Eukaryota,Opisthokonta,Metazoa,Eumetazoa,Bilateria,Deuterostomia,Chordata,Craniata,Vertebrata,Gnathostomata,Teleostomi,Euteleostomi,Sarcopterygii,Dipnotetrapodomorpha,Tetrapoda,Amniota,Mammalia,Theria,Eutheria,Boreoeutheria,Euarchontoglires,Glires,Rodentia,Myomorpha,Muroidea,Muridae,Murinae,,,,,,
Mops pumilus,cellular organisms,Eukaryota,Opisthokonta,Metazoa,Eumetazoa,Bilateria,Deuterostomia,Chordata,Craniata,Vertebrata,Gnathostomata,Teleostomi,Euteleostomi,Sarcopterygii,Dipnotetrapodomorpha,Tetrapoda,Amniota,Mammalia,Theria,Eutheria,Boreoeutheria,Laurasiatheria,Chiroptera,Yangochiroptera,Molossidae,Mops,,,,,,,,
Rhinosciurus laticaudatus,cellular organisms,Eukaryota,Opisthokonta,Metazoa,Eumetazoa,Bilateria,Deuterostomia,Chordata,Craniata,Vertebrata,Gnathostomata,Teleostomi,Euteleostomi,Sarcopterygii,Dipnotetrapodomorpha,Tetrapoda,Amniota,Mammalia,Theria,Eutheria,Boreoeutheria,Euarchontoglires,Glires,Rodentia,Sciuromorpha,Sciuridae,Callosciurinae,Callosciurini,Rhinosciurus,,,,,
Macroglossus sobrinus,cellular organisms,Eukaryota,Opisthokonta,Metazoa,Eumetazoa,Bilateria,Deuterostomia,Chordata,Craniata,Vertebrata,Gnathostomata,Teleostomi,Euteleostomi,Sarcopterygii,Dipnotetrapodomorpha,Tetrapoda,Amniota,Mammalia,Theria,Eutheria,Boreoeutheria,Laurasiatheria,Chiroptera,Yinpterochiroptera,Pteropodoidea,Pteropodidae,Macroglossinae,Macroglossus,,,,,,
Bandicota bengalensis,cellular organisms,Eukaryota,Opisthokonta,Metazoa,Eumetazoa,Bilateria,Deuterostomia,Chordata,Craniata,Vertebrata,Gnathostomata,Teleostomi,Euteleostomi,Sarcopterygii,Dipnotetrapodomorpha,Tetrapoda,Amniota,Mammalia,Theria,Eutheria,Boreoeutheria,Euarchontoglires,Glires,Rodentia,Myomorpha,Muroidea,Muridae,Murinae,Bandicota,,,,,
Rhinolophus coelophyllus,cellular organisms,Eukaryota,Opisthokonta,Metazoa,Eumetazoa,Bilateria,Deuterostomia,Chordata,Craniata,Vertebrata,Gnathostomata,Teleostomi,Euteleostomi,Sarcopterygii,Dipnotetrapodomorpha,Tetrapoda,Amniota,Mammalia,Theria,Eutheria,Boreoeutheria,Laurasiatheria,Chiroptera,Yinpterochiroptera,Rhinolophoidea,Rhinolophidae,Rhinolophinae,Rhinolophus,,,,,,
Rhinolophus shameli,cellular organisms,Eukaryota,Opisthokonta,Metazoa,Eumetazoa,Bilateria,Deuterostomia,Chordata,Craniata,Vertebrata,Gnathostomata,Teleostomi,Euteleostomi,Sarcopterygii,Dipnotetrapodomorpha,Tetrapoda,Amniota,Mammalia,Theria,Eutheria,Boreoeutheria,Laurasiatheria,Chiroptera,Yinpterochiroptera,Rhinolophoidea,Rhinolophidae,Rhinolophinae,Rhinolophus,,,,,,
Hipposideros lekaguli,cellular organisms,Eukaryota,Opisthokonta,Metazoa,Eumetazoa,Bilateria,Deuterostomia,Chordata,Craniata,Vertebrata,Gnathostomata,Teleostomi,Euteleostomi,Sarcopterygii,Dipnotetrapodomorpha,Tetrapoda,Amniota,Mammalia,Theria,Eutheria,Boreoeutheria,Laurasiatheria,Chiroptera,Yinpterochiroptera,Rhinolophoidea,Hipposideridae,Hipposideros,,,,,,,
Myotis horsfieldii,cellular organisms,Eukaryota,Opisthokonta,Metazoa,Eumetazoa,Bilateria,Deuterostomia,Chordata,Craniata,Vertebrata,Gnathostomata,Teleostomi,Euteleostomi,Sarcopterygii,Dipnotetrapodomorpha,Tetrapoda,Amniota,Mammalia,Theria,Eutheria,Boreoeutheria,Laurasiatheria,Chiroptera,Yangochiroptera,Vespertilionidae,Myotis,,,,,,,,
Rattus exulans,cellular organisms,Eukaryota,Opisthokonta,Metazoa,Eumetazoa,Bilateria,Deuterostomia,Chordata,Craniata,Vertebrata,Gnathostomata,Teleostomi,Euteleostomi,Sarcopterygii,Dipnotetrapodomorpha,Tetrapoda,Amniota,Mammalia,Theria,Eutheria,Boreoeutheria,Euarchontoglires,Glires,Rodentia,Myomorpha,Muroidea,Muridae,Murinae,Rattus,,,,,
Mus musculoides,cellular organisms,Eukaryota,Opisthokonta,Metazoa,Eumetazoa,Bilateria,Deuterostomia,Chordata,Craniata,Vertebrata,Gnathostomata,Teleostomi,Euteleostomi,Sarcopterygii,Dipnotetrapodomorpha,Tetrapoda,Amniota,Mammalia,Theria,Eutheria,Boreoeutheria,Euarchontoglires,Glires,Rodentia,Myomorpha,Muroidea,Muridae,Murinae,Mus,Nannomys,,,,
Heimyscus fumosus,cellular organisms,Eukaryota,Opisthokonta,Metazoa,Eumetazoa,Bilateria,Deuterostomia,Chordata,Craniata,Vertebrata,Gnathostomata,Teleostomi,Euteleostomi,Sarcopterygii,Dipnotetrapodomorpha,Tetrapoda,Amniota,Mammalia,Theria,Eutheria,Boreoeutheria,Euarchontoglires,Glires,Rodentia,Myomorpha,Muroidea,Muridae,Murinae,Heimyscus,,,,,
Praomys tullbergi,cellular organisms,Eukaryota,Opisthokonta,Metazoa,Eumetazoa,Bilateria,Deuterostomia,Chordata,Craniata,Vertebrata,Gnathostomata,Teleostomi,Euteleostomi,Sarcopterygii,Dipnotetrapodomorpha,Tetrapoda,Amniota,Mammalia,Theria,Eutheria,Boreoeutheria,Euarchontoglires,Glires,Rodentia,Myomorpha,Muroidea,Muridae,Murinae,Praomys,,,,,
Hylomyscus stella,cellular organisms,Eukaryota,Opisthokonta,Metazoa,Eumetazoa,Bilateria,Deuterostomia,Chordata,Craniata,Vertebrata,Gnathostomata,Teleostomi,Euteleostomi,Sarcopterygii,Dipnotetrapodomorpha,Tetrapoda,Amniota,Mammalia,Theria,Eutheria,Boreoeutheria,Euarchontoglires,Glires,Rodentia,Myomorpha,Muroidea,Muridae,Murinae,Hylomyscus,,,,,
Malacomys longipes,cellular organisms,Eukaryota,Opisthokonta,Metazoa,Eumetazoa,Bilateria,Deuterostomia,Chordata,Craniata,Vertebrata,Gnathostomata,Teleostomi,Euteleostomi,Sarcopterygii,Dipnotetrapodomorpha,Tetrapoda,Amniota,Mammalia,Theria,Eutheria,Boreoeutheria,Euarchontoglires,Glires,Rodentia,Myomorpha,Muroidea,Muridae,Murinae,Malacomys,,,,,
Hylomyscus,cellular organisms,Eukaryota,Opisthokonta,Metazoa,Eumetazoa,Bilateria,Deuterostomia,Chordata,Craniata,Vertebrata,Gnathostomata,Teleostomi,Euteleostomi,Sarcopterygii,Dipnotetrapodomorpha,Tetrapoda,Amniota,Mammalia,Theria,Eutheria,Boreoeutheria,Euarchontoglires,Glires,Rodentia,Myomorpha,Muroidea,Muridae,Murinae,,,,,,
Crocidura goliath,cellular organisms,Eukaryota,Opisthokonta,Metazoa,Eumetazoa,Bilateria,Deuterostomia,Chordata,Craniata,Vertebrata,Gnathostomata,Teleostomi,Euteleostomi,Sarcopterygii,Dipnotetrapodomorpha,Tetrapoda,Amniota,Mammalia,Theria,Eutheria,Boreoeutheria,Laurasiatheria,Eulipotyphla,Soricidae,Crocidurinae,Crocidura,,,,,,,,
Nycteris hispida,cellular organisms,Eukaryota,Opisthokonta,Metazoa,Eumetazoa,Bilateria,Deuterostomia,Chordata,Craniata,Vertebrata,Gnathostomata,Teleostomi,Euteleostomi,Sarcopterygii,Dipnotetrapodomorpha,Tetrapoda,Amniota,Mammalia,Theria,Eutheria,Boreoeutheria,Laurasiatheria,Chiroptera,Yangochiroptera,Nycteridae,Nycteris,,,,,,,,
Lissonycteris angolensis,,,,,,,,,,,,,,,,,,,,,,,,,,,,,,,,,,
Anoura caudifer,cellular organisms,Eukaryota,Opisthokonta,Metazoa,Eumetazoa,Bilateria,Deuterostomia,Chordata,Craniata,Vertebrata,Gnathostomata,Teleostomi,Euteleostomi,Sarcopterygii,Dipnotetrapodomorpha,Tetrapoda,Amniota,Mammalia,Theria,Eutheria,Boreoeutheria,Laurasiatheria,Chiroptera,Yangochiroptera,Phyllostomidae,Glossophaginae,Anoura,,,,,,,
Carollia perspicillata,cellular organisms,Eukaryota,Opisthokonta,Metazoa,Eumetazoa,Bilateria,Deuterostomia,Chordata,Craniata,Vertebrata,Gnathostomata,Teleostomi,Euteleostomi,Sarcopterygii,Dipnotetrapodomorpha,Tetrapoda,Amniota,Mammalia,Theria,Eutheria,Boreoeutheria,Laurasiatheria,Chiroptera,Yangochiroptera,Phyllostomidae,Carolliinae,Carollia,,,,,,,
Artibeus lituratus,cellular organisms,Eukaryota,Opisthokonta,Metazoa,Eumetazoa,Bilateria,Deuterostomia,Chordata,Craniata,Vertebrata,Gnathostomata,Teleostomi,Euteleostomi,Sarcopterygii,Dipnotetrapodomorpha,Tetrapoda,Amniota,Mammalia,Theria,Eutheria,Boreoeutheria,Laurasiatheria,Chiroptera,Yangochiroptera,Phyllostomidae,Stenodermatinae,Artibeus,,,,,,,
Sturnira lilium,cellular organisms,Eukaryota,Opisthokonta,Metazoa,Eumetazoa,Bilateria,Deuterostomia,Chordata,Craniata,Vertebrata,Gnathostomata,Teleostomi,Euteleostomi,Sarcopterygii,Dipnotetrapodomorpha,Tetrapoda,Amniota,Mammalia,Theria,Eutheria,Boreoeutheria,Laurasiatheria,Chiroptera,Yangochiroptera,Phyllostomidae,Stenodermatinae,Sturnira,,,,,,,
Akodon cursor,cellular organisms,Eukaryota,Opisthokonta,Metazoa,Eumetazoa,Bilateria,Deuterostomia,Chordata,Craniata,Vertebrata,Gnathostomata,Teleostomi,Euteleostomi,Sarcopterygii,Dipnotetrapodomorpha,Tetrapoda,Amniota,Mammalia,Theria,Eutheria,Boreoeutheria,Euarchontoglires,Glires,Rodentia,Myomorpha,Muroidea,Cricetidae,Sigmodontinae,Akodon,,,,,
Eothenomys cachinus,cellular organisms,Eukaryota,Opisthokonta,Metazoa,Eumetazoa,Bilateria,Deuterostomia,Chordata,Craniata,Vertebrata,Gnathostomata,Teleostomi,Euteleostomi,Sarcopterygii,Dipnotetrapodomorpha,Tetrapoda,Amniota,Mammalia,Theria,Eutheria,Boreoeutheria,Euarchontoglires,Glires,Rodentia,Myomorpha,Muroidea,Cricetidae,Arvicolinae,Eothenomys,,,,,
Niviventer eha,cellular organisms,Eukaryota,Opisthokonta,Metazoa,Eumetazoa,Bilateria,Deuterostomia,Chordata,Craniata,Vertebrata,Gnathostomata,Teleostomi,Euteleostomi,Sarcopterygii,Dipnotetrapodomorpha,Tetrapoda,Amniota,Mammalia,Theria,Eutheria,Boreoeutheria,Euarchontoglires,Glires,Rodentia,Myomorpha,Muroidea,Muridae,Murinae,Niviventer,,,,,
Ochotona thibetana,cellular organisms,Eukaryota,Opisthokonta,Metazoa,Eumetazoa,Bilateria,Deuterostomia,Chordata,Craniata,Vertebrata,Gnathostomata,Teleostomi,Euteleostomi,Sarcopterygii,Dipnotetrapodomorpha,Tetrapoda,Amniota,Mammalia,Theria,Eutheria,Boreoeutheria,Euarchontoglires,Glires,Lagomorpha,Ochotonidae,Ochotona,,,,,,,,
Sorex,cellular organisms,Eukaryota,Opisthokonta,Metazoa,Eumetazoa,Bilateria,Deuterostomia,Chordata,Craniata,Vertebrata,Gnathostomata,Teleostomi,Euteleostomi,Sarcopterygii,Dipnotetrapodomorpha,Tetrapoda,Amniota,Mammalia,Theria,Eutheria,Boreoeutheria,Laurasiatheria,Eulipotyphla,Soricidae,Soricinae,,,,,,,,,
Crocidura,cellular organisms,Eukaryota,Opisthokonta,Metazoa,Eumetazoa,Bilateria,Deuterostomia,Chordata,Craniata,Vertebrata,Gnathostomata,Teleostomi,Euteleostomi,Sarcopterygii,Dipnotetrapodomorpha,Tetrapoda,Amniota,Mammalia,Theria,Eutheria,Boreoeutheria,Laurasiatheria,Eulipotyphla,Soricidae,Crocidurinae,,,,,,,,,
Rhizomys sinensis,cellular organisms,Eukaryota,Opisthokonta,Metazoa,Eumetazoa,Bilateria,Deuterostomia,Chordata,Craniata,Vertebrata,Gnathostomata,Teleostomi,Euteleostomi,Sarcopterygii,Dipnotetrapodomorpha,Tetrapoda,Amniota,Mammalia,Theria,Eutheria,Boreoeutheria,Euarchontoglires,Glires,Rodentia,Myomorpha,Muroidea,Spalacidae,Rhizomyinae,Rhizomys,,,,,
Hystrix brachyura,cellular organisms,Eukaryota,Opisthokonta,Metazoa,Eumetazoa,Bilateria,Deuterostomia,Chordata,Craniata,Vertebrata,Gnathostomata,Teleostomi,Euteleostomi,Sarcopterygii,Dipnotetrapodomorpha,Tetrapoda,Amniota,Mammalia,Theria,Eutheria,Boreoeutheria,Euarchontoglires,Glires,Rodentia,Hystricomorpha,Hystricidae,Hystrix,,,,,,,
Pteropus alecto,cellular organisms,Eukaryota,Opisthokonta,Metazoa,Eumetazoa,Bilateria,Deuterostomia,Chordata,Craniata,Vertebrata,Gnathostomata,Teleostomi,Euteleostomi,Sarcopterygii,Dipnotetrapodomorpha,Tetrapoda,Amniota,Mammalia,Theria,Eutheria,Boreoeutheria,Laurasiatheria,Chiroptera,Yinpterochiroptera,Pteropodoidea,Pteropodidae,Pteropodinae,Pteropus,,,,,,
Acerodon celebensis,cellular organisms,Eukaryota,Opisthokonta,Metazoa,Eumetazoa,Bilateria,Deuterostomia,Chordata,Craniata,Vertebrata,Gnathostomata,Teleostomi,Euteleostomi,Sarcopterygii,Dipnotetrapodomorpha,Tetrapoda,Amniota,Mammalia,Theria,Eutheria,Boreoeutheria,Laurasiatheria,Chiroptera,Yinpterochiroptera,Pteropodoidea,Pteropodidae,Pteropodinae,Acerodon,,,,,,
Microtus agrestis,cellular organisms,Eukaryota,Opisthokonta,Metazoa,Eumetazoa,Bilateria,Deuterostomia,Chordata,Craniata,Vertebrata,Gnathostomata,Teleostomi,Euteleostomi,Sarcopterygii,Dipnotetrapodomorpha,Tetrapoda,Amniota,Mammalia,Theria,Eutheria,Boreoeutheria,Euarchontoglires,Glires,Rodentia,Myomorpha,Muroidea,Cricetidae,Arvicolinae,Microtus,,,,,
Cricetomys gambianus,cellular organisms,Eukaryota,Opisthokonta,Metazoa,Eumetazoa,Bilateria,Deuterostomia,Chordata,Craniata,Vertebrata,Gnathostomata,Teleostomi,Euteleostomi,Sarcopterygii,Dipnotetrapodomorpha,Tetrapoda,Amniota,Mammalia,Theria,Eutheria,Boreoeutheria,Euarchontoglires,Glires,Rodentia,Myomorpha,Muroidea,Nesomyidae,Cricetomyinae,Cricetomys,,,,,
Calidris ruficollis,cellular organisms,Eukaryota,Opisthokonta,Metazoa,Eumetazoa,Bilateria,Deuterostomia,Chordata,Craniata,Vertebrata,Gnathostomata,Teleostomi,Euteleostomi,Sarcopterygii,Dipnotetrapodomorpha,Tetrapoda,Amniota,Sauropsida,Sauria,Archelosauria,Archosauria,Dinosauria,Saurischia,Theropoda,Coelurosauria,Aves,Neognathae,Neoaves,Charadriiformes,Scolopacidae,Calidris,,,
Malacorhynchus membranaceus,cellular organisms,Eukaryota,Opisthokonta,Metazoa,Eumetazoa,Bilateria,Deuterostomia,Chordata,Craniata,Vertebrata,Gnathostomata,Teleostomi,Euteleostomi,Sarcopterygii,Dipnotetrapodomorpha,Tetrapoda,Amniota,Sauropsida,Sauria,Archelosauria,Archosauria,Dinosauria,Saurischia,Theropoda,Coelurosauria,Aves,Neognathae,Galloanserae,Anseriformes,Anatidae,Tadorninae,Malacorhynchus,,
Taphozous perforatus,cellular organisms,Eukaryota,Opisthokonta,Metazoa,Eumetazoa,Bilateria,Deuterostomia,Chordata,Craniata,Vertebrata,Gnathostomata,Teleostomi,Euteleostomi,Sarcopterygii,Dipnotetrapodomorpha,Tetrapoda,Amniota,Mammalia,Theria,Eutheria,Boreoeutheria,Laurasiatheria,Chiroptera,Yangochiroptera,Emballonuridae,Taphozoinae,Taphozous,,,,,,,
Ovibos moschatus,cellular organisms,Eukaryota,Opisthokonta,Metazoa,Eumetazoa,Bilateria,Deuterostomia,Chordata,Craniata,Vertebrata,Gnathostomata,Teleostomi,Euteleostomi,Sarcopterygii,Dipnotetrapodomorpha,Tetrapoda,Amniota,Mammalia,Theria,Eutheria,Boreoeutheria,Laurasiatheria,Artiodactyla,Ruminantia,Pecora,Bovidae,Caprinae,Ovibos,,,,,,
Passeriformes,cellular organisms,Eukaryota,Opisthokonta,Metazoa,Eumetazoa,Bilateria,Deuterostomia,Chordata,Craniata,Vertebrata,Gnathostomata,Teleostomi,Euteleostomi,Sarcopterygii,Dipnotetrapodomorpha,Tetrapoda,Amniota,Sauropsida,Sauria,Archelosauria,Archosauria,Dinosauria,Saurischia,Theropoda,Coelurosauria,Aves,Neognathae,Neoaves,Telluraves,Australaves,,,,
Hipposideros turpis,cellular organisms,Eukaryota,Opisthokonta,Metazoa,Eumetazoa,Bilateria,Deuterostomia,Chordata,Craniata,Vertebrata,Gnathostomata,Teleostomi,Euteleostomi,Sarcopterygii,Dipnotetrapodomorpha,Tetrapoda,Amniota,Mammalia,Theria,Eutheria,Boreoeutheria,Laurasiatheria,Chiroptera,Yinpterochiroptera,Rhinolophoidea,Hipposideridae,Hipposideros,,,,,,,
Sarcophilus harrisii,cellular organisms,Eukaryota,Opisthokonta,Metazoa,Eumetazoa,Bilateria,Deuterostomia,Chordata,Craniata,Vertebrata,Gnathostomata,Teleostomi,Euteleostomi,Sarcopterygii,Dipnotetrapodomorpha,Tetrapoda,Amniota,Mammalia,Theria,Metatheria,Dasyuromorphia,Dasyuridae,Sarcophilus,,,,,,,,,,,
Bos grunniens,cellular organisms,Eukaryota,Opisthokonta,Metazoa,Eumetazoa,Bilateria,Deuterostomia,Chordata,Craniata,Vertebrata,Gnathostomata,Teleostomi,Euteleostomi,Sarcopterygii,Dipnotetrapodomorpha,Tetrapoda,Amniota,Mammalia,Theria,Eutheria,Boreoeutheria,Laurasiatheria,Artiodactyla,Ruminantia,Pecora,Bovidae,Bovinae,Bos,,,,,,
Hybomys univittatus,cellular organisms,Eukaryota,Opisthokonta,Metazoa,Eumetazoa,Bilateria,Deuterostomia,Chordata,Craniata,Vertebrata,Gnathostomata,Teleostomi,Euteleostomi,Sarcopterygii,Dipnotetrapodomorpha,Tetrapoda,Amniota,Mammalia,Theria,Eutheria,Boreoeutheria,Euarchontoglires,Glires,Rodentia,Myomorpha,Muroidea,Muridae,Murinae,Hybomys,,,,,
Phasianinae,cellular organisms,Eukaryota,Opisthokonta,Metazoa,Eumetazoa,Bilateria,Deuterostomia,Chordata,Craniata,Vertebrata,Gnathostomata,Teleostomi,Euteleostomi,Sarcopterygii,Dipnotetrapodomorpha,Tetrapoda,Amniota,Sauropsida,Sauria,Archelosauria,Archosauria,Dinosauria,Saurischia,Theropoda,Coelurosauria,Aves,Neognathae,Galloanserae,Galliformes,Phasianidae,,,,
Pseudorhombus arsius,cellular organisms,Eukaryota,Opisthokonta,Metazoa,Eumetazoa,Bilateria,Deuterostomia,Chordata,Craniata,Vertebrata,Gnathostomata,Teleostomi,Euteleostomi,Actinopterygii,Actinopteri,Neopterygii,Teleostei,Osteoglossocephalai,Clupeocephala,Euteleosteomorpha,Neoteleostei,Eurypterygia,Ctenosquamata,Acanthomorphata,Euacanthomorphacea,Percomorphaceae,Carangaria,Pleuronectiformes,Pleuronectoidei,Paralichthyidae,Pseudorhombus,,,
Scorpaena jacksoniensis,cellular organisms,Eukaryota,Opisthokonta,Metazoa,Eumetazoa,Bilateria,Deuterostomia,Chordata,Craniata,Vertebrata,Gnathostomata,Teleostomi,Euteleostomi,Actinopterygii,Actinopteri,Neopterygii,Teleostei,Osteoglossocephalai,Clupeocephala,Euteleosteomorpha,Neoteleostei,Eurypterygia,Ctenosquamata,Acanthomorphata,Euacanthomorphacea,Percomorphaceae,Eupercaria,Perciformes,Scorpaenoidei,Scorpaenidae,Scorpaeninae,Scorpaena,,
Hyporhamphus australis,cellular organisms,Eukaryota,Opisthokonta,Metazoa,Eumetazoa,Bilateria,Deuterostomia,Chordata,Craniata,Vertebrata,Gnathostomata,Teleostomi,Euteleostomi,Actinopterygii,Actinopteri,Neopterygii,Teleostei,Osteoglossocephalai,Clupeocephala,Euteleosteomorpha,Neoteleostei,Eurypterygia,Ctenosquamata,Acanthomorphata,Euacanthomorphacea,Percomorphaceae,Ovalentaria,Atherinomorphae,Beloniformes,Belonoidei,Hemiramphidae,Hyporhamphus,,
Recurvirostra novaehollandiae,cellular organisms,Eukaryota,Opisthokonta,Metazoa,Eumetazoa,Bilateria,Deuterostomia,Chordata,Craniata,Vertebrata,Gnathostomata,Teleostomi,Euteleostomi,Sarcopterygii,Dipnotetrapodomorpha,Tetrapoda,Amniota,Sauropsida,Sauria,Archelosauria,Archosauria,Dinosauria,Saurischia,Theropoda,Coelurosauria,Aves,Neognathae,Neoaves,Charadriiformes,Recurvirostridae,Recurvirostra,,,
Myotis petax,cellular organisms,Eukaryota,Opisthokonta,Metazoa,Eumetazoa,Bilateria,Deuterostomia,Chordata,Craniata,Vertebrata,Gnathostomata,Teleostomi,Euteleostomi,Sarcopterygii,Dipnotetrapodomorpha,Tetrapoda,Amniota,Mammalia,Theria,Eutheria,Boreoeutheria,Laurasiatheria,Chiroptera,Yangochiroptera,Vespertilionidae,Myotis,,,,,,,,
Mustela lutreola,cellular organisms,Eukaryota,Opisthokonta,Metazoa,Eumetazoa,Bilateria,Deuterostomia,Chordata,Craniata,Vertebrata,Gnathostomata,Teleostomi,Euteleostomi,Sarcopterygii,Dipnotetrapodomorpha,Tetrapoda,Amniota,Mammalia,Theria,Eutheria,Boreoeutheria,Laurasiatheria,Carnivora,Caniformia,Musteloidea,Mustelidae,Mustelinae,Mustela,,,,,,
Cerdocyon thous,cellular organisms,Eukaryota,Opisthokonta,Metazoa,Eumetazoa,Bilateria,Deuterostomia,Chordata,Craniata,Vertebrata,Gnathostomata,Teleostomi,Euteleostomi,Sarcopterygii,Dipnotetrapodomorpha,Tetrapoda,Amniota,Mammalia,Theria,Eutheria,Boreoeutheria,Laurasiatheria,Carnivora,Caniformia,Canidae,Cerdocyon,,,,,,,,
Miniopterus mossambicus,cellular organisms,Eukaryota,Opisthokonta,Metazoa,Eumetazoa,Bilateria,Deuterostomia,Chordata,Craniata,Vertebrata,Gnathostomata,Teleostomi,Euteleostomi,Sarcopterygii,Dipnotetrapodomorpha,Tetrapoda,Amniota,Mammalia,Theria,Eutheria,Boreoeutheria,Laurasiatheria,Chiroptera,Yangochiroptera,Miniopteridae,Miniopterus,,,,,,,,
Nycteris thebaica,cellular organisms,Eukaryota,Opisthokonta,Metazoa,Eumetazoa,Bilateria,Deuterostomia,Chordata,Craniata,Vertebrata,Gnathostomata,Teleostomi,Euteleostomi,Sarcopterygii,Dipnotetrapodomorpha,Tetrapoda,Amniota,Mammalia,Theria,Eutheria,Boreoeutheria,Laurasiatheria,Chiroptera,Yangochiroptera,Nycteridae,Nycteris,,,,,,,,
Myotis emarginatus,cellular organisms,Eukaryota,Opisthokonta,Metazoa,Eumetazoa,Bilateria,Deuterostomia,Chordata,Craniata,Vertebrata,Gnathostomata,Teleostomi,Euteleostomi,Sarcopterygii,Dipnotetrapodomorpha,Tetrapoda,Amniota,Mammalia,Theria,Eutheria,Boreoeutheria,Laurasiatheria,Chiroptera,Yangochiroptera,Vespertilionidae,Myotis,,,,,,,,
Myotis capaccinii,cellular organisms,Eukaryota,Opisthokonta,Metazoa,Eumetazoa,Bilateria,Deuterostomia,Chordata,Craniata,Vertebrata,Gnathostomata,Teleostomi,Euteleostomi,Sarcopterygii,Dipnotetrapodomorpha,Tetrapoda,Amniota,Mammalia,Theria,Eutheria,Boreoeutheria,Laurasiatheria,Chiroptera,Yangochiroptera,Vespertilionidae,Myotis,,,,,,,,
Myotis myotis/blythii,cellular organisms,Eukaryota,Opisthokonta,Metazoa,Eumetazoa,Bilateria,Deuterostomia,Chordata,Craniata,Vertebrata,Gnathostomata,Teleostomi,Euteleostomi,Sarcopterygii,Dipnotetrapodomorpha,Tetrapoda,Amniota,Mammalia,Theria,Eutheria,Boreoeutheria,Laurasiatheria,Chiroptera,Yangochiroptera,Vespertilionidae,Myotis,,,,,,,,
Barbastella barbastellus,cellular organisms,Eukaryota,Opisthokonta,Metazoa,Eumetazoa,Bilateria,Deuterostomia,Chordata,Craniata,Vertebrata,Gnathostomata,Teleostomi,Euteleostomi,Sarcopterygii,Dipnotetrapodomorpha,Tetrapoda,Amniota,Mammalia,Theria,Eutheria,Boreoeutheria,Laurasiatheria,Chiroptera,Yangochiroptera,Vespertilionidae,Barbastella,,,,,,,,
Eptesicus serotinus,cellular organisms,Eukaryota,Opisthokonta,Metazoa,Eumetazoa,Bilateria,Deuterostomia,Chordata,Craniata,Vertebrata,Gnathostomata,Teleostomi,Euteleostomi,Sarcopterygii,Dipnotetrapodomorpha,Tetrapoda,Amniota,Mammalia,Theria,Eutheria,Boreoeutheria,Laurasiatheria,Chiroptera,Yangochiroptera,Vespertilionidae,Cnephaeus,,,,,,,,
Hyporhamphus sajori,cellular organisms,Eukaryota,Opisthokonta,Metazoa,Eumetazoa,Bilateria,Deuterostomia,Chordata,Craniata,Vertebrata,Gnathostomata,Teleostomi,Euteleostomi,Actinopterygii,Actinopteri,Neopterygii,Teleostei,Osteoglossocephalai,Clupeocephala,Euteleosteomorpha,Neoteleostei,Eurypterygia,Ctenosquamata,Acanthomorphata,Euacanthomorphacea,Percomorphaceae,Ovalentaria,Atherinomorphae,Beloniformes,Belonoidei,Hemiramphidae,Hyporhamphus,,
Banjos banjos,cellular organisms,Eukaryota,Opisthokonta,Metazoa,Eumetazoa,Bilateria,Deuterostomia,Chordata,Craniata,Vertebrata,Gnathostomata,Teleostomi,Euteleostomi,Actinopterygii,Actinopteri,Neopterygii,Teleostei,Osteoglossocephalai,Clupeocephala,Euteleosteomorpha,Neoteleostei,Eurypterygia,Ctenosquamata,Acanthomorphata,Euacanthomorphacea,Percomorphaceae,Eupercaria,Acropomatiformes,Banjosidae,Banjos,,,,
Cephalopholis spiloparaea,cellular organisms,Eukaryota,Opisthokonta,Metazoa,Eumetazoa,Bilateria,Deuterostomia,Chordata,Craniata,Vertebrata,Gnathostomata,Teleostomi,Euteleostomi,Actinopterygii,Actinopteri,Neopterygii,Teleostei,Osteoglossocephalai,Clupeocephala,Euteleosteomorpha,Neoteleostei,Eurypterygia,Ctenosquamata,Acanthomorphata,Euacanthomorphacea,Percomorphaceae,Eupercaria,Perciformes,Serranoidei,Serranidae,Epinephelinae,Epinephelini,Cephalopholis,
Lethenteron camtschaticum,cellular organisms,Eukaryota,Opisthokonta,Metazoa,Eumetazoa,Bilateria,Deuterostomia,Chordata,Craniata,Vertebrata,Cyclostomata,Hyperoartia,Petromyzontiformes,Petromyzontidae,Lethenteron,,,,,,,,,,,,,,,,,,,
Hemitrygon akajei,cellular organisms,Eukaryota,Opisthokonta,Metazoa,Eumetazoa,Bilateria,Deuterostomia,Chordata,Craniata,Vertebrata,Gnathostomata,Chondrichthyes,Elasmobranchii,Batoidea,Myliobatiformes,Dasyatoidea,Dasyatidae,Hemitrygon,,,,,,,,,,,,,,,,
Scoliodon macrorhynchos,cellular organisms,Eukaryota,Opisthokonta,Metazoa,Eumetazoa,Bilateria,Deuterostomia,Chordata,Craniata,Vertebrata,Gnathostomata,Chondrichthyes,Elasmobranchii,Selachii,Galeomorphii,Galeoidea,Carcharhiniformes,Carcharhinidae,Scoliodon,,,,,,,,,,,,,,,
Coelorinchus multispinulosus,cellular organisms,Eukaryota,Opisthokonta,Metazoa,Eumetazoa,Bilateria,Deuterostomia,Chordata,Craniata,Vertebrata,Gnathostomata,Teleostomi,Euteleostomi,Actinopterygii,Actinopteri,Neopterygii,Teleostei,Osteoglossocephalai,Clupeocephala,Euteleosteomorpha,Neoteleostei,Eurypterygia,Ctenosquamata,Acanthomorphata,Paracanthopterygii,Zeiogadaria,Gadariae,Gadiformes,Macrouroidei,Macrouridae,Macrourinae,Coelorinchus,,
Macroramphosus scolopax,cellular organisms,Eukaryota,Opisthokonta,Metazoa,Eumetazoa,Bilateria,Deuterostomia,Chordata,Craniata,Vertebrata,Gnathostomata,Teleostomi,Euteleostomi,Actinopterygii,Actinopteri,Neopterygii,Teleostei,Osteoglossocephalai,Clupeocephala,Euteleosteomorpha,Neoteleostei,Eurypterygia,Ctenosquamata,Acanthomorphata,Euacanthomorphacea,Percomorphaceae,Syngnathiaria,Syngnathiformes,Syngnathiformes incertae sedis,Centriscidae,Macroramphosinae,Macroramphosus,,
Cynoglossus sp.,cellular organisms,Eukaryota,Opisthokonta,Metazoa,Eumetazoa,Bilateria,Deuterostomia,Chordata,Craniata,Vertebrata,Gnathostomata,Teleostomi,Euteleostomi,Actinopterygii,Actinopteri,Neopterygii,Teleostei,Osteoglossocephalai,Clupeocephala,Euteleosteomorpha,Neoteleostei,Eurypterygia,Ctenosquamata,Acanthomorphata,Euacanthomorphacea,Percomorphaceae,Carangaria,Pleuronectiformes,Pleuronectoidei,Cynoglossidae,Cynoglossinae,Cynoglossus,unclassified Cynoglossus,
Pleuronichthys japonicus,cellular organisms,Eukaryota,Opisthokonta,Metazoa,Eumetazoa,Bilateria,Deuterostomia,Chordata,Craniata,Vertebrata,Gnathostomata,Teleostomi,Euteleostomi,Actinopterygii,Actinopteri,Neopterygii,Teleostei,Osteoglossocephalai,Clupeocephala,Euteleosteomorpha,Neoteleostei,Eurypterygia,Ctenosquamata,Acanthomorphata,Euacanthomorphacea,Percomorphaceae,Carangaria,Pleuronectiformes,Pleuronectoidei,Pleuronectidae,Pleuronichthys,,,
Hime japonica,cellular organisms,Eukaryota,Opisthokonta,Metazoa,Eumetazoa,Bilateria,Deuterostomia,Chordata,Craniata,Vertebrata,Gnathostomata,Teleostomi,Euteleostomi,Actinopterygii,Actinopteri,Neopterygii,Teleostei,Osteoglossocephalai,Clupeocephala,Euteleosteomorpha,Neoteleostei,Eurypterygia,Aulopa,Aulopiformes,Aulopoidei,Aulopidae,Hime,,,,,,,
Lepidotrigla sp.,cellular organisms,Eukaryota,Opisthokonta,Metazoa,Eumetazoa,Bilateria,Deuterostomia,Chordata,Craniata,Vertebrata,Gnathostomata,Teleostomi,Euteleostomi,Actinopterygii,Actinopteri,Neopterygii,Teleostei,Osteoglossocephalai,Clupeocephala,Euteleosteomorpha,Neoteleostei,Eurypterygia,Ctenosquamata,Acanthomorphata,Euacanthomorphacea,Percomorphaceae,Eupercaria,Perciformes,Triglioidei,Triglidae,Lepidotrigla,unclassified Lepidotrigla,,
Pterygotrigla hemisticta,cellular organisms,Eukaryota,Opisthokonta,Metazoa,Eumetazoa,Bilateria,Deuterostomia,Chordata,Craniata,Vertebrata,Gnathostomata,Teleostomi,Euteleostomi,Actinopterygii,Actinopteri,Neopterygii,Teleostei,Osteoglossocephalai,Clupeocephala,Euteleosteomorpha,Neoteleostei,Eurypterygia,Ctenosquamata,Acanthomorphata,Euacanthomorphacea,Percomorphaceae,Eupercaria,Perciformes,Triglioidei,Triglidae,Pterygotrigla,,,
Myrrophis chinensis,cellular organisms,Eukaryota,Opisthokonta,Metazoa,Eumetazoa,Bilateria,Deuterostomia,Chordata,Craniata,Vertebrata,Gnathostomata,Teleostomi,Euteleostomi,Sarcopterygii,Dipnotetrapodomorpha,Tetrapoda,Amniota,Sauropsida,Sauria,Lepidosauria,Squamata,Bifurcata,Unidentata,Episquamata,Toxicofera,Serpentes,Colubroidea,Homalopsidae,Myrrophis,,,,,
Leptobrachium hainanense,cellular organisms,Eukaryota,Opisthokonta,Metazoa,Eumetazoa,Bilateria,Deuterostomia,Chordata,Craniata,Vertebrata,Gnathostomata,Teleostomi,Euteleostomi,Sarcopterygii,Dipnotetrapodomorpha,Tetrapoda,Amphibia,Batrachia,Anura,Pelobatoidea,Megophryidae,Leptobrachium,,,,,,,,,,,,
Teratoscincus roborowskii,cellular organisms,Eukaryota,Opisthokonta,Metazoa,Eumetazoa,Bilateria,Deuterostomia,Chordata,Craniata,Vertebrata,Gnathostomata,Teleostomi,Euteleostomi,Sarcopterygii,Dipnotetrapodomorpha,Tetrapoda,Amniota,Sauropsida,Sauria,Lepidosauria,Squamata,Bifurcata,Gekkota,Sphaerodactylidae,Teratoscincus,,,,,,,,,
Microhyla pulchra,cellular organisms,Eukaryota,Opisthokonta,Metazoa,Eumetazoa,Bilateria,Deuterostomia,Chordata,Craniata,Vertebrata,Gnathostomata,Teleostomi,Euteleostomi,Sarcopterygii,Dipnotetrapodomorpha,Tetrapoda,Amphibia,Batrachia,Anura,Neobatrachia,Microhyloidea,Microhylidae,Microhylinae,Microhyla,,,,,,,,,,
Duttaphrynus melanostictus,cellular organisms,Eukaryota,Opisthokonta,Metazoa,Eumetazoa,Bilateria,Deuterostomia,Chordata,Craniata,Vertebrata,Gnathostomata,Teleostomi,Euteleostomi,Sarcopterygii,Dipnotetrapodomorpha,Tetrapoda,Amphibia,Batrachia,Anura,Neobatrachia,Hyloidea,Bufonidae,Duttaphrynus,,,,,,,,,,,
Hyla simplex,cellular organisms,Eukaryota,Opisthokonta,Metazoa,Eumetazoa,Bilateria,Deuterostomia,Chordata,Craniata,Vertebrata,Gnathostomata,Teleostomi,Euteleostomi,Sarcopterygii,Dipnotetrapodomorpha,Tetrapoda,Amphibia,Batrachia,Anura,Neobatrachia,Hyloidea,Hylidae,Hylinae,Hylini,Hyla,,,,,,,,,
Sylvirana guentheri,cellular organisms,Eukaryota,Opisthokonta,Metazoa,Eumetazoa,Bilateria,Deuterostomia,Chordata,Craniata,Vertebrata,Gnathostomata,Teleostomi,Euteleostomi,Sarcopterygii,Dipnotetrapodomorpha,Tetrapoda,Amphibia,Batrachia,Anura,Neobatrachia,Ranoidea,Ranidae,Sylvirana,,,,,,,,,,,
Pachytriton brevipes,cellular organisms,Eukaryota,Opisthokonta,Metazoa,Eumetazoa,Bilateria,Deuterostomia,Chordata,Craniata,Vertebrata,Gnathostomata,Teleostomi,Euteleostomi,Sarcopterygii,Dipnotetrapodomorpha,Tetrapoda,Amphibia,Batrachia,Caudata,Salamandroidea,Salamandridae,Pleurodelinae,Pachytriton,,,,,,,,,,,
Cynops orientalis,cellular organisms,Eukaryota,Opisthokonta,Metazoa,Eumetazoa,Bilateria,Deuterostomia,Chordata,Craniata,Vertebrata,Gnathostomata,Teleostomi,Euteleostomi,Sarcopterygii,Dipnotetrapodomorpha,Tetrapoda,Amphibia,Batrachia,Caudata,Salamandroidea,Salamandridae,Pleurodelinae,Hypselotriton,,,,,,,,,,,
Gekko similignum,cellular organisms,Eukaryota,Opisthokonta,Metazoa,Eumetazoa,Bilateria,Deuterostomia,Chordata,Craniata,Vertebrata,Gnathostomata,Teleostomi,Euteleostomi,Sarcopterygii,Dipnotetrapodomorpha,Tetrapoda,Amniota,Sauropsida,Sauria,Lepidosauria,Squamata,Bifurcata,Gekkota,Gekkonidae,Gekkoninae,Gekko,,,,,,,,
Hemidactylus bowringii,cellular organisms,Eukaryota,Opisthokonta,Metazoa,Eumetazoa,Bilateria,Deuterostomia,Chordata,Craniata,Vertebrata,Gnathostomata,Teleostomi,Euteleostomi,Sarcopterygii,Dipnotetrapodomorpha,Tetrapoda,Amniota,Sauropsida,Sauria,Lepidosauria,Squamata,Bifurcata,Gekkota,Gekkonidae,Gekkoninae,Hemidactylus,,,,,,,,
Tropidophorus sinicus,cellular organisms,Eukaryota,Opisthokonta,Metazoa,Eumetazoa,Bilateria,Deuterostomia,Chordata,Craniata,Vertebrata,Gnathostomata,Teleostomi,Euteleostomi,Sarcopterygii,Dipnotetrapodomorpha,Tetrapoda,Amniota,Sauropsida,Sauria,Lepidosauria,Squamata,Bifurcata,Unidentata,Scinciformata,Scincidae,Sphenomorphinae,Tropidophorus,,,,,,,
Gonorynchus abbreviatus,cellular organisms,Eukaryota,Opisthokonta,Metazoa,Eumetazoa,Bilateria,Deuterostomia,Chordata,Craniata,Vertebrata,Gnathostomata,Teleostomi,Euteleostomi,Actinopterygii,Actinopteri,Neopterygii,Teleostei,Osteoglossocephalai,Clupeocephala,Otomorpha,Ostariophysi,Anotophysi,Gonorynchiformes,Gonorynchoidei,Gonorynchidae,Gonorynchus,,,,,,,,
Plagiopsetta,cellular organisms,Eukaryota,Opisthokonta,Metazoa,Eumetazoa,Bilateria,Deuterostomia,Chordata,Craniata,Vertebrata,Gnathostomata,Teleostomi,Euteleostomi,Actinopterygii,Actinopteri,Neopterygii,Teleostei,Osteoglossocephalai,Clupeocephala,Euteleosteomorpha,Neoteleostei,Eurypterygia,Ctenosquamata,Acanthomorphata,Euacanthomorphacea,Percomorphaceae,Carangaria,Pleuronectiformes,Pleuronectoidei,Samaridae,,,,
Crossorhombus sp.,,,,,,,,,,,,,,,,,,,,,,,,,,,,,,,,,,
Arnoglossus,cellular organisms,Eukaryota,Opisthokonta,Metazoa,Eumetazoa,Bilateria,Deuterostomia,Chordata,Craniata,Vertebrata,Gnathostomata,Teleostomi,Euteleostomi,Actinopterygii,Actinopteri,Neopterygii,Teleostei,Osteoglossocephalai,Clupeocephala,Euteleosteomorpha,Neoteleostei,Eurypterygia,Ctenosquamata,Acanthomorphata,Euacanthomorphacea,Percomorphaceae,Carangaria,Pleuronectiformes,Pleuronectoidei,Bothidae,,,,
Sardinella lemuru,cellular organisms,Eukaryota,Opisthokonta,Metazoa,Eumetazoa,Bilateria,Deuterostomia,Chordata,Craniata,Vertebrata,Gnathostomata,Teleostomi,Euteleostomi,Actinopterygii,Actinopteri,Neopterygii,Teleostei,Osteoglossocephalai,Clupeocephala,Otomorpha,Clupei,Clupeiformes,Clupeoidei,Clupeidae,Clupeinae,Sardinella,,,,,,,,
Parapercis lutevittata,cellular organisms,Eukaryota,Opisthokonta,Metazoa,Eumetazoa,Bilateria,Deuterostomia,Chordata,Craniata,Vertebrata,Gnathostomata,Teleostomi,Euteleostomi,Actinopterygii,Actinopteri,Neopterygii,Teleostei,Osteoglossocephalai,Clupeocephala,Euteleosteomorpha,Neoteleostei,Eurypterygia,Ctenosquamata,Acanthomorphata,Euacanthomorphacea,Percomorphaceae,Eupercaria,Uranoscopiformes,Pinguipedidae,Parapercis,,,,
Echelus uropterus,cellular organisms,Eukaryota,Opisthokonta,Metazoa,Eumetazoa,Bilateria,Deuterostomia,Chordata,Craniata,Vertebrata,Gnathostomata,Teleostomi,Euteleostomi,Actinopterygii,Actinopteri,Neopterygii,Teleostei,Elopocephalai,Elopocephala,Elopomorpha,Anguilliformes,Ophichthidae,Ophichthinae,Echelus,,,,,,,,,,
Minous monodactylus,cellular organisms,Eukaryota,Opisthokonta,Metazoa,Eumetazoa,Bilateria,Deuterostomia,Chordata,Craniata,Vertebrata,Gnathostomata,Teleostomi,Euteleostomi,Actinopterygii,Actinopteri,Neopterygii,Teleostei,Osteoglossocephalai,Clupeocephala,Euteleosteomorpha,Neoteleostei,Eurypterygia,Ctenosquamata,Acanthomorphata,Euacanthomorphacea,Percomorphaceae,Eupercaria,Perciformes,Scorpaenoidei,Synanceiidae,Minoinae,Minous,,
Polypedates megacephalus,cellular organisms,Eukaryota,Opisthokonta,Metazoa,Eumetazoa,Bilateria,Deuterostomia,Chordata,Craniata,Vertebrata,Gnathostomata,Teleostomi,Euteleostomi,Sarcopterygii,Dipnotetrapodomorpha,Tetrapoda,Amphibia,Batrachia,Anura,Neobatrachia,Ranoidea,Rhacophoridae,Rhacophorinae,Polypedates,,,,,,,,,,
Calotes versicolor,cellular organisms,Eukaryota,Opisthokonta,Metazoa,Eumetazoa,Bilateria,Deuterostomia,Chordata,Craniata,Vertebrata,Gnathostomata,Teleostomi,Euteleostomi,Sarcopterygii,Dipnotetrapodomorpha,Tetrapoda,Amniota,Sauropsida,Sauria,Lepidosauria,Squamata,Bifurcata,Unidentata,Episquamata,Toxicofera,Iguania,Acrodonta,Agamidae,Draconinae,Calotes,,,,
Chimaera sp.,cellular organisms,Eukaryota,Opisthokonta,Metazoa,Eumetazoa,Bilateria,Deuterostomia,Chordata,Craniata,Vertebrata,Gnathostomata,Chondrichthyes,Holocephali,Chimaeriformes,Chimaeridae,Chimaera,unclassified Chimaera,,,,,,,,,,,,,,,,,
Hemitriakis japanica,cellular organisms,Eukaryota,Opisthokonta,Metazoa,Eumetazoa,Bilateria,Deuterostomia,Chordata,Craniata,Vertebrata,Gnathostomata,Chondrichthyes,Elasmobranchii,Selachii,Galeomorphii,Galeoidea,Carcharhiniformes,Triakidae,Hemitriakis,,,,,,,,,,,,,,,
Rhinolophus lepidus,cellular organisms,Eukaryota,Opisthokonta,Metazoa,Eumetazoa,Bilateria,Deuterostomia,Chordata,Craniata,Vertebrata,Gnathostomata,Teleostomi,Euteleostomi,Sarcopterygii,Dipnotetrapodomorpha,Tetrapoda,Amniota,Mammalia,Theria,Eutheria,Boreoeutheria,Laurasiatheria,Chiroptera,Yinpterochiroptera,Rhinolophoidea,Rhinolophidae,Rhinolophinae,Rhinolophus,,,,,,
Anous tenuirostris,cellular organisms,Eukaryota,Opisthokonta,Metazoa,Eumetazoa,Bilateria,Deuterostomia,Chordata,Craniata,Vertebrata,Gnathostomata,Teleostomi,Euteleostomi,Sarcopterygii,Dipnotetrapodomorpha,Tetrapoda,Amniota,Sauropsida,Sauria,Archelosauria,Archosauria,Dinosauria,Saurischia,Theropoda,Coelurosauria,Aves,Neognathae,Neoaves,Charadriiformes,Laridae,Anous,,,
Sorex araneus,cellular organisms,Eukaryota,Opisthokonta,Metazoa,Eumetazoa,Bilateria,Deuterostomia,Chordata,Craniata,Vertebrata,Gnathostomata,Teleostomi,Euteleostomi,Sarcopterygii,Dipnotetrapodomorpha,Tetrapoda,Amniota,Mammalia,Theria,Eutheria,Boreoeutheria,Laurasiatheria,Eulipotyphla,Soricidae,Soricinae,Sorex,,,,,,,,
Meriones meridianus,cellular organisms,Eukaryota,Opisthokonta,Metazoa,Eumetazoa,Bilateria,Deuterostomia,Chordata,Craniata,Vertebrata,Gnathostomata,Teleostomi,Euteleostomi,Sarcopterygii,Dipnotetrapodomorpha,Tetrapoda,Amniota,Mammalia,Theria,Eutheria,Boreoeutheria,Euarchontoglires,Glires,Rodentia,Myomorpha,Muroidea,Muridae,Gerbillinae,Meriones,,,,,
Lasiopodomys gregalis,cellular organisms,Eukaryota,Opisthokonta,Metazoa,Eumetazoa,Bilateria,Deuterostomia,Chordata,Craniata,Vertebrata,Gnathostomata,Teleostomi,Euteleostomi,Sarcopterygii,Dipnotetrapodomorpha,Tetrapoda,Amniota,Mammalia,Theria,Eutheria,Boreoeutheria,Euarchontoglires,Glires,Rodentia,Myomorpha,Muroidea,Cricetidae,Stenocranius,,,,,,
Apodemus chevrieri,cellular organisms,Eukaryota,Opisthokonta,Metazoa,Eumetazoa,Bilateria,Deuterostomia,Chordata,Craniata,Vertebrata,Gnathostomata,Teleostomi,Euteleostomi,Sarcopterygii,Dipnotetrapodomorpha,Tetrapoda,Amniota,Mammalia,Theria,Eutheria,Boreoeutheria,Euarchontoglires,Glires,Rodentia,Myomorpha,Muroidea,Muridae,Murinae,Apodemus,,,,,
Eothenomys custos,cellular organisms,Eukaryota,Opisthokonta,Metazoa,Eumetazoa,Bilateria,Deuterostomia,Chordata,Craniata,Vertebrata,Gnathostomata,Teleostomi,Euteleostomi,Sarcopterygii,Dipnotetrapodomorpha,Tetrapoda,Amniota,Mammalia,Theria,Eutheria,Boreoeutheria,Euarchontoglires,Glires,Rodentia,Myomorpha,Muroidea,Cricetidae,Anteliomys,,,,,,
Rattus tanezumi sladeni,cellular organisms,Eukaryota,Opisthokonta,Metazoa,Eumetazoa,Bilateria,Deuterostomia,Chordata,Craniata,Vertebrata,Gnathostomata,Teleostomi,Euteleostomi,Sarcopterygii,Dipnotetrapodomorpha,Tetrapoda,Amniota,Mammalia,Theria,Eutheria,Boreoeutheria,Euarchontoglires,Glires,Rodentia,Myomorpha,Muroidea,Muridae,Murinae,Rattus,Rattus tanezumi,,,,
Cricetulus barabensis,cellular organisms,Eukaryota,Opisthokonta,Metazoa,Eumetazoa,Bilateria,Deuterostomia,Chordata,Craniata,Vertebrata,Gnathostomata,Teleostomi,Euteleostomi,Sarcopterygii,Dipnotetrapodomorpha,Tetrapoda,Amniota,Mammalia,Theria,Eutheria,Boreoeutheria,Euarchontoglires,Glires,Rodentia,Myomorpha,Muroidea,Cricetidae,Cricetinae,Cricetulus,,,,,
Myodes rufocanus,cellular organisms,Eukaryota,Opisthokonta,Metazoa,Eumetazoa,Bilateria,Deuterostomia,Chordata,Craniata,Vertebrata,Gnathostomata,Teleostomi,Euteleostomi,Sarcopterygii,Dipnotetrapodomorpha,Tetrapoda,Amniota,Mammalia,Theria,Eutheria,Boreoeutheria,Euarchontoglires,Glires,Rodentia,Myomorpha,Muroidea,Cricetidae,Arvicolinae,Myodes,,,,,
Apodemus peninsulae,cellular organisms,Eukaryota,Opisthokonta,Metazoa,Eumetazoa,Bilateria,Deuterostomia,Chordata,Craniata,Vertebrata,Gnathostomata,Teleostomi,Euteleostomi,Sarcopterygii,Dipnotetrapodomorpha,Tetrapoda,Amniota,Mammalia,Theria,Eutheria,Boreoeutheria,Euarchontoglires,Glires,Rodentia,Myomorpha,Muroidea,Muridae,Murinae,Apodemus,,,,,
Neodon clarkei,cellular organisms,Eukaryota,Opisthokonta,Metazoa,Eumetazoa,Bilateria,Deuterostomia,Chordata,Craniata,Vertebrata,Gnathostomata,Teleostomi,Euteleostomi,Sarcopterygii,Dipnotetrapodomorpha,Tetrapoda,Amniota,Mammalia,Theria,Eutheria,Boreoeutheria,Euarchontoglires,Glires,Rodentia,Myomorpha,Muroidea,Cricetidae,Arvicolinae,Neodon,,,,,
Microtus fortis,cellular organisms,Eukaryota,Opisthokonta,Metazoa,Eumetazoa,Bilateria,Deuterostomia,Chordata,Craniata,Vertebrata,Gnathostomata,Teleostomi,Euteleostomi,Sarcopterygii,Dipnotetrapodomorpha,Tetrapoda,Amniota,Mammalia,Theria,Eutheria,Boreoeutheria,Euarchontoglires,Glires,Rodentia,Myomorpha,Muroidea,Cricetidae,Arvicolinae,Alexandromys,,,,,
Bandicota indica,cellular organisms,Eukaryota,Opisthokonta,Metazoa,Eumetazoa,Bilateria,Deuterostomia,Chordata,Craniata,Vertebrata,Gnathostomata,Teleostomi,Euteleostomi,Sarcopterygii,Dipnotetrapodomorpha,Tetrapoda,Amniota,Mammalia,Theria,Eutheria,Boreoeutheria,Euarchontoglires,Glires,Rodentia,Myomorpha,Muroidea,Muridae,Murinae,Bandicota,,,,,
Tscherskia triton,cellular organisms,Eukaryota,Opisthokonta,Metazoa,Eumetazoa,Bilateria,Deuterostomia,Chordata,Craniata,Vertebrata,Gnathostomata,Teleostomi,Euteleostomi,Sarcopterygii,Dipnotetrapodomorpha,Tetrapoda,Amniota,Mammalia,Theria,Eutheria,Boreoeutheria,Euarchontoglires,Glires,Rodentia,Myomorpha,Muroidea,Cricetidae,Cricetinae,Tscherskia,,,,,
Rattus andamanensis,cellular organisms,Eukaryota,Opisthokonta,Metazoa,Eumetazoa,Bilateria,Deuterostomia,Chordata,Craniata,Vertebrata,Gnathostomata,Teleostomi,Euteleostomi,Sarcopterygii,Dipnotetrapodomorpha,Tetrapoda,Amniota,Mammalia,Theria,Eutheria,Boreoeutheria,Euarchontoglires,Glires,Rodentia,Myomorpha,Muroidea,Muridae,Murinae,Rattus,,,,,
Gorilla gorilla gorilla,cellular organisms,Eukaryota,Opisthokonta,Metazoa,Eumetazoa,Bilateria,Deuterostomia,Chordata,Craniata,Vertebrata,Gnathostomata,Teleostomi,Euteleostomi,Sarcopterygii,Dipnotetrapodomorpha,Tetrapoda,Amniota,Mammalia,Theria,Eutheria,Boreoeutheria,Euarchontoglires,Primates,Haplorrhini,Simiiformes,Catarrhini,Hominoidea,Hominidae,Homininae,Gorilla,Gorilla gorilla,,,
Miniopterus griveaudi,cellular organisms,Eukaryota,Opisthokonta,Metazoa,Eumetazoa,Bilateria,Deuterostomia,Chordata,Craniata,Vertebrata,Gnathostomata,Teleostomi,Euteleostomi,Sarcopterygii,Dipnotetrapodomorpha,Tetrapoda,Amniota,Mammalia,Theria,Eutheria,Boreoeutheria,Laurasiatheria,Chiroptera,Yangochiroptera,Miniopteridae,Miniopterus,,,,,,,,
Myotis goudoti,cellular organisms,Eukaryota,Opisthokonta,Metazoa,Eumetazoa,Bilateria,Deuterostomia,Chordata,Craniata,Vertebrata,Gnathostomata,Teleostomi,Euteleostomi,Sarcopterygii,Dipnotetrapodomorpha,Tetrapoda,Amniota,Mammalia,Theria,Eutheria,Boreoeutheria,Laurasiatheria,Chiroptera,Yangochiroptera,Vespertilionidae,Myotis,,,,,,,,
Paratriaenops furculus,cellular organisms,Eukaryota,Opisthokonta,Metazoa,Eumetazoa,Bilateria,Deuterostomia,Chordata,Craniata,Vertebrata,Gnathostomata,Teleostomi,Euteleostomi,Sarcopterygii,Dipnotetrapodomorpha,Tetrapoda,Amniota,Mammalia,Theria,Eutheria,Boreoeutheria,Laurasiatheria,Chiroptera,Yinpterochiroptera,Rhinolophoidea,Rhinonycteridae,Paratriaenops,,,,,,,
Leopoldamys sabanus,cellular organisms,Eukaryota,Opisthokonta,Metazoa,Eumetazoa,Bilateria,Deuterostomia,Chordata,Craniata,Vertebrata,Gnathostomata,Teleostomi,Euteleostomi,Sarcopterygii,Dipnotetrapodomorpha,Tetrapoda,Amniota,Mammalia,Theria,Eutheria,Boreoeutheria,Euarchontoglires,Glires,Rodentia,Myomorpha,Muroidea,Muridae,Murinae,Leopoldamys,,,,,
Rousettus sp.,cellular organisms,Eukaryota,Opisthokonta,Metazoa,Eumetazoa,Bilateria,Deuterostomia,Chordata,Craniata,Vertebrata,Gnathostomata,Teleostomi,Euteleostomi,Sarcopterygii,Dipnotetrapodomorpha,Tetrapoda,Amniota,Mammalia,Theria,Eutheria,Boreoeutheria,Laurasiatheria,Chiroptera,Yinpterochiroptera,Pteropodoidea,Pteropodidae,Rousettinae,Rousettus,unclassified Rousettus,,,,,
Hylopetes,cellular organisms,Eukaryota,Opisthokonta,Metazoa,Eumetazoa,Bilateria,Deuterostomia,Chordata,Craniata,Vertebrata,Gnathostomata,Teleostomi,Euteleostomi,Sarcopterygii,Dipnotetrapodomorpha,Tetrapoda,Amniota,Mammalia,Theria,Eutheria,Boreoeutheria,Euarchontoglires,Glires,Rodentia,Sciuromorpha,Sciuridae,Sciurinae,Pteromyini,,,,,,
Scotophilus,cellular organisms,Eukaryota,Opisthokonta,Metazoa,Eumetazoa,Bilateria,Deuterostomia,Chordata,Craniata,Vertebrata,Gnathostomata,Teleostomi,Euteleostomi,Sarcopterygii,Dipnotetrapodomorpha,Tetrapoda,Amniota,Mammalia,Theria,Eutheria,Boreoeutheria,Laurasiatheria,Chiroptera,Yangochiroptera,Vespertilionidae,,,,,,,,,
Rattus argentiventer,cellular organisms,Eukaryota,Opisthokonta,Metazoa,Eumetazoa,Bilateria,Deuterostomia,Chordata,Craniata,Vertebrata,Gnathostomata,Teleostomi,Euteleostomi,Sarcopterygii,Dipnotetrapodomorpha,Tetrapoda,Amniota,Mammalia,Theria,Eutheria,Boreoeutheria,Euarchontoglires,Glires,Rodentia,Myomorpha,Muroidea,Muridae,Murinae,Rattus,,,,,
Rattus sp.,cellular organisms,Eukaryota,Opisthokonta,Metazoa,Eumetazoa,Bilateria,Deuterostomia,Chordata,Craniata,Vertebrata,Gnathostomata,Teleostomi,Euteleostomi,Sarcopterygii,Dipnotetrapodomorpha,Tetrapoda,Amniota,Mammalia,Theria,Eutheria,Boreoeutheria,Euarchontoglires,Glires,Rodentia,Myomorpha,Muroidea,Muridae,Murinae,Rattus,unclassified Rattus,,,,
Megaderma lyra,cellular organisms,Eukaryota,Opisthokonta,Metazoa,Eumetazoa,Bilateria,Deuterostomia,Chordata,Craniata,Vertebrata,Gnathostomata,Teleostomi,Euteleostomi,Sarcopterygii,Dipnotetrapodomorpha,Tetrapoda,Amniota,Mammalia,Theria,Eutheria,Boreoeutheria,Laurasiatheria,Chiroptera,Yinpterochiroptera,Rhinolophoidea,Megadermatidae,Lyroderma,,,,,,,
Macaca leonina,cellular organisms,Eukaryota,Opisthokonta,Metazoa,Eumetazoa,Bilateria,Deuterostomia,Chordata,Craniata,Vertebrata,Gnathostomata,Teleostomi,Euteleostomi,Sarcopterygii,Dipnotetrapodomorpha,Tetrapoda,Amniota,Mammalia,Theria,Eutheria,Boreoeutheria,Euarchontoglires,Primates,Haplorrhini,Simiiformes,Catarrhini,Cercopithecoidea,Cercopithecidae,Cercopithecinae,Macaca,,,,
Macronycteris gigas,cellular organisms,Eukaryota,Opisthokonta,Metazoa,Eumetazoa,Bilateria,Deuterostomia,Chordata,Craniata,Vertebrata,Gnathostomata,Teleostomi,Euteleostomi,Sarcopterygii,Dipnotetrapodomorpha,Tetrapoda,Amniota,Mammalia,Theria,Eutheria,Boreoeutheria,Laurasiatheria,Chiroptera,Yinpterochiroptera,Rhinolophoidea,Hipposideridae,Macronycteris,,,,,,,
Eptesicus serotinus serotinus,cellular organisms,Eukaryota,Opisthokonta,Metazoa,Eumetazoa,Bilateria,Deuterostomia,Chordata,Craniata,Vertebrata,Gnathostomata,Teleostomi,Euteleostomi,Sarcopterygii,Dipnotetrapodomorpha,Tetrapoda,Amniota,Mammalia,Theria,Eutheria,Boreoeutheria,Laurasiatheria,Chiroptera,Yangochiroptera,Vespertilionidae,Cnephaeus,Cnephaeus serotinus,,,,,,,
Eptesicus serotinus andersoni,cellular organisms,Eukaryota,Opisthokonta,Metazoa,Eumetazoa,Bilateria,Deuterostomia,Chordata,Craniata,Vertebrata,Gnathostomata,Teleostomi,Euteleostomi,Sarcopterygii,Dipnotetrapodomorpha,Tetrapoda,Amniota,Mammalia,Theria,Eutheria,Boreoeutheria,Laurasiatheria,Chiroptera,Yangochiroptera,Vespertilionidae,Cnephaeus,Cnephaeus serotinus,,,,,,,
Myotis pequinius,cellular organisms,Eukaryota,Opisthokonta,Metazoa,Eumetazoa,Bilateria,Deuterostomia,Chordata,Craniata,Vertebrata,Gnathostomata,Teleostomi,Euteleostomi,Sarcopterygii,Dipnotetrapodomorpha,Tetrapoda,Amniota,Mammalia,Theria,Eutheria,Boreoeutheria,Laurasiatheria,Chiroptera,Yangochiroptera,Vespertilionidae,Myotis,,,,,,,,
Myotis longipes,cellular organisms,Eukaryota,Opisthokonta,Metazoa,Eumetazoa,Bilateria,Deuterostomia,Chordata,Craniata,Vertebrata,Gnathostomata,Teleostomi,Euteleostomi,Sarcopterygii,Dipnotetrapodomorpha,Tetrapoda,Amniota,Mammalia,Theria,Eutheria,Boreoeutheria,Laurasiatheria,Chiroptera,Yangochiroptera,Vespertilionidae,Myotis,,,,,,,,
Hypothymis azurea,cellular organisms,Eukaryota,Opisthokonta,Metazoa,Eumetazoa,Bilateria,Deuterostomia,Chordata,Craniata,Vertebrata,Gnathostomata,Teleostomi,Euteleostomi,Sarcopterygii,Dipnotetrapodomorpha,Tetrapoda,Amniota,Sauropsida,Sauria,Archelosauria,Archosauria,Dinosauria,Saurischia,Theropoda,Coelurosauria,Aves,Neognathae,Neoaves,Telluraves,Australaves,Passeriformes,Corvoidea,Monarchidae,Hypothymis
Megaerops kusnotoi,cellular organisms,Eukaryota,Opisthokonta,Metazoa,Eumetazoa,Bilateria,Deuterostomia,Chordata,Craniata,Vertebrata,Gnathostomata,Teleostomi,Euteleostomi,Sarcopterygii,Dipnotetrapodomorpha,Tetrapoda,Amniota,Mammalia,Theria,Eutheria,Boreoeutheria,Laurasiatheria,Chiroptera,Yinpterochiroptera,Pteropodoidea,Pteropodidae,Cynopterinae,Megaerops,,,,,,
Myotis bechsteinii,cellular organisms,Eukaryota,Opisthokonta,Metazoa,Eumetazoa,Bilateria,Deuterostomia,Chordata,Craniata,Vertebrata,Gnathostomata,Teleostomi,Euteleostomi,Sarcopterygii,Dipnotetrapodomorpha,Tetrapoda,Amniota,Mammalia,Theria,Eutheria,Boreoeutheria,Laurasiatheria,Chiroptera,Yangochiroptera,Vespertilionidae,Myotis,,,,,,,,
Myotis nattereri,cellular organisms,Eukaryota,Opisthokonta,Metazoa,Eumetazoa,Bilateria,Deuterostomia,Chordata,Craniata,Vertebrata,Gnathostomata,Teleostomi,Euteleostomi,Sarcopterygii,Dipnotetrapodomorpha,Tetrapoda,Amniota,Mammalia,Theria,Eutheria,Boreoeutheria,Laurasiatheria,Chiroptera,Yangochiroptera,Vespertilionidae,Myotis,,,,,,,,
Trachypithecus pileatus,cellular organisms,Eukaryota,Opisthokonta,Metazoa,Eumetazoa,Bilateria,Deuterostomia,Chordata,Craniata,Vertebrata,Gnathostomata,Teleostomi,Euteleostomi,Sarcopterygii,Dipnotetrapodomorpha,Tetrapoda,Amniota,Mammalia,Theria,Eutheria,Boreoeutheria,Euarchontoglires,Primates,Haplorrhini,Simiiformes,Catarrhini,Cercopithecoidea,Cercopithecidae,Colobinae,Trachypithecus,,,,
Papio hamadryas,cellular organisms,Eukaryota,Opisthokonta,Metazoa,Eumetazoa,Bilateria,Deuterostomia,Chordata,Craniata,Vertebrata,Gnathostomata,Teleostomi,Euteleostomi,Sarcopterygii,Dipnotetrapodomorpha,Tetrapoda,Amniota,Mammalia,Theria,Eutheria,Boreoeutheria,Euarchontoglires,Primates,Haplorrhini,Simiiformes,Catarrhini,Cercopithecoidea,Cercopithecidae,Cercopithecinae,Papio,,,,
Chlorocebus pygerythrus,cellular organisms,Eukaryota,Opisthokonta,Metazoa,Eumetazoa,Bilateria,Deuterostomia,Chordata,Craniata,Vertebrata,Gnathostomata,Teleostomi,Euteleostomi,Sarcopterygii,Dipnotetrapodomorpha,Tetrapoda,Amniota,Mammalia,Theria,Eutheria,Boreoeutheria,Euarchontoglires,Primates,Haplorrhini,Simiiformes,Catarrhini,Cercopithecoidea,Cercopithecidae,Cercopithecinae,Chlorocebus,,,,
Papio anubis,cellular organisms,Eukaryota,Opisthokonta,Metazoa,Eumetazoa,Bilateria,Deuterostomia,Chordata,Craniata,Vertebrata,Gnathostomata,Teleostomi,Euteleostomi,Sarcopterygii,Dipnotetrapodomorpha,Tetrapoda,Amniota,Mammalia,Theria,Eutheria,Boreoeutheria,Euarchontoglires,Primates,Haplorrhini,Simiiformes,Catarrhini,Cercopithecoidea,Cercopithecidae,Cercopithecinae,Papio,,,,
Semnopithecus entellus,cellular organisms,Eukaryota,Opisthokonta,Metazoa,Eumetazoa,Bilateria,Deuterostomia,Chordata,Craniata,Vertebrata,Gnathostomata,Teleostomi,Euteleostomi,Sarcopterygii,Dipnotetrapodomorpha,Tetrapoda,Amniota,Mammalia,Theria,Eutheria,Boreoeutheria,Euarchontoglires,Primates,Haplorrhini,Simiiformes,Catarrhini,Cercopithecoidea,Cercopithecidae,Colobinae,Semnopithecus,,,,
Hylobatidae,cellular organisms,Eukaryota,Opisthokonta,Metazoa,Eumetazoa,Bilateria,Deuterostomia,Chordata,Craniata,Vertebrata,Gnathostomata,Teleostomi,Euteleostomi,Sarcopterygii,Dipnotetrapodomorpha,Tetrapoda,Amniota,Mammalia,Theria,Eutheria,Boreoeutheria,Euarchontoglires,Primates,Haplorrhini,Simiiformes,Catarrhini,Hominoidea,,,,,,,
Hoolock hoolock,cellular organisms,Eukaryota,Opisthokonta,Metazoa,Eumetazoa,Bilateria,Deuterostomia,Chordata,Craniata,Vertebrata,Gnathostomata,Teleostomi,Euteleostomi,Sarcopterygii,Dipnotetrapodomorpha,Tetrapoda,Amniota,Mammalia,Theria,Eutheria,Boreoeutheria,Euarchontoglires,Primates,Haplorrhini,Simiiformes,Catarrhini,Hominoidea,Hylobatidae,Hoolock,,,,,
Myotis mystacinus,cellular organisms,Eukaryota,Opisthokonta,Metazoa,Eumetazoa,Bilateria,Deuterostomia,Chordata,Craniata,Vertebrata,Gnathostomata,Teleostomi,Euteleostomi,Sarcopterygii,Dipnotetrapodomorpha,Tetrapoda,Amniota,Mammalia,Theria,Eutheria,Boreoeutheria,Laurasiatheria,Chiroptera,Yangochiroptera,Vespertilionidae,Myotis,,,,,,,,
Rhinolophus hipposideros,cellular organisms,Eukaryota,Opisthokonta,Metazoa,Eumetazoa,Bilateria,Deuterostomia,Chordata,Craniata,Vertebrata,Gnathostomata,Teleostomi,Euteleostomi,Sarcopterygii,Dipnotetrapodomorpha,Tetrapoda,Amniota,Mammalia,Theria,Eutheria,Boreoeutheria,Laurasiatheria,Chiroptera,Yinpterochiroptera,Rhinolophoidea,Rhinolophidae,Rhinolophinae,Rhinolophus,,,,,,
Pipistrellus nathusii,cellular organisms,Eukaryota,Opisthokonta,Metazoa,Eumetazoa,Bilateria,Deuterostomia,Chordata,Craniata,Vertebrata,Gnathostomata,Teleostomi,Euteleostomi,Sarcopterygii,Dipnotetrapodomorpha,Tetrapoda,Amniota,Mammalia,Theria,Eutheria,Boreoeutheria,Laurasiatheria,Chiroptera,Yangochiroptera,Vespertilionidae,Pipistrellus,,,,,,,,
Pygoscelis adeliae,cellular organisms,Eukaryota,Opisthokonta,Metazoa,Eumetazoa,Bilateria,Deuterostomia,Chordata,Craniata,Vertebrata,Gnathostomata,Teleostomi,Euteleostomi,Sarcopterygii,Dipnotetrapodomorpha,Tetrapoda,Amniota,Sauropsida,Sauria,Archelosauria,Archosauria,Dinosauria,Saurischia,Theropoda,Coelurosauria,Aves,Neognathae,Neoaves,Aequornithes,Sphenisciformes,Spheniscidae,Pygoscelis,,
Volemys millicens,cellular organisms,Eukaryota,Opisthokonta,Metazoa,Eumetazoa,Bilateria,Deuterostomia,Chordata,Craniata,Vertebrata,Gnathostomata,Teleostomi,Euteleostomi,Sarcopterygii,Dipnotetrapodomorpha,Tetrapoda,Amniota,Mammalia,Theria,Eutheria,Boreoeutheria,Euarchontoglires,Glires,Rodentia,Myomorpha,Muroidea,Cricetidae,Arvicolinae,Volemys,,,,,
Episoriculus leucops,cellular organisms,Eukaryota,Opisthokonta,Metazoa,Eumetazoa,Bilateria,Deuterostomia,Chordata,Craniata,Vertebrata,Gnathostomata,Teleostomi,Euteleostomi,Sarcopterygii,Dipnotetrapodomorpha,Tetrapoda,Amniota,Mammalia,Theria,Eutheria,Boreoeutheria,Laurasiatheria,Eulipotyphla,Soricidae,Soricinae,Episoriculus,,,,,,,,
Pipistrellus pygmaeus,cellular organisms,Eukaryota,Opisthokonta,Metazoa,Eumetazoa,Bilateria,Deuterostomia,Chordata,Craniata,Vertebrata,Gnathostomata,Teleostomi,Euteleostomi,Sarcopterygii,Dipnotetrapodomorpha,Tetrapoda,Amniota,Mammalia,Theria,Eutheria,Boreoeutheria,Laurasiatheria,Chiroptera,Yangochiroptera,Vespertilionidae,Pipistrellus,,,,,,,,
Hipposideros cineraceus,cellular organisms,Eukaryota,Opisthokonta,Metazoa,Eumetazoa,Bilateria,Deuterostomia,Chordata,Craniata,Vertebrata,Gnathostomata,Teleostomi,Euteleostomi,Sarcopterygii,Dipnotetrapodomorpha,Tetrapoda,Amniota,Mammalia,Theria,Eutheria,Boreoeutheria,Laurasiatheria,Chiroptera,Yinpterochiroptera,Rhinolophoidea,Hipposideridae,Hipposideros,,,,,,,
Numida meleagris,cellular organisms,Eukaryota,Opisthokonta,Metazoa,Eumetazoa,Bilateria,Deuterostomia,Chordata,Craniata,Vertebrata,Gnathostomata,Teleostomi,Euteleostomi,Sarcopterygii,Dipnotetrapodomorpha,Tetrapoda,Amniota,Sauropsida,Sauria,Archelosauria,Archosauria,Dinosauria,Saurischia,Theropoda,Coelurosauria,Aves,Neognathae,Galloanserae,Galliformes,Numididae,Numida,,,
Ardeola,cellular organisms,Eukaryota,Opisthokonta,Metazoa,Eumetazoa,Bilateria,Deuterostomia,Chordata,Craniata,Vertebrata,Gnathostomata,Teleostomi,Euteleostomi,Sarcopterygii,Dipnotetrapodomorpha,Tetrapoda,Amniota,Sauropsida,Sauria,Archelosauria,Archosauria,Dinosauria,Saurischia,Theropoda,Coelurosauria,Aves,Neognathae,Neoaves,Aequornithes,Pelecaniformes,Ardeidae,,,
Dendrocygna javanica,cellular organisms,Eukaryota,Opisthokonta,Metazoa,Eumetazoa,Bilateria,Deuterostomia,Chordata,Craniata,Vertebrata,Gnathostomata,Teleostomi,Euteleostomi,Sarcopterygii,Dipnotetrapodomorpha,Tetrapoda,Amniota,Sauropsida,Sauria,Archelosauria,Archosauria,Dinosauria,Saurischia,Theropoda,Coelurosauria,Aves,Neognathae,Galloanserae,Anseriformes,Anatidae,Dendrocygninae,Dendrocygna,,
Mareca penelope,cellular organisms,Eukaryota,Opisthokonta,Metazoa,Eumetazoa,Bilateria,Deuterostomia,Chordata,Craniata,Vertebrata,Gnathostomata,Teleostomi,Euteleostomi,Sarcopterygii,Dipnotetrapodomorpha,Tetrapoda,Amniota,Sauropsida,Sauria,Archelosauria,Archosauria,Dinosauria,Saurischia,Theropoda,Coelurosauria,Aves,Neognathae,Galloanserae,Anseriformes,Anatidae,Anatinae,Mareca,,
Platalea minor,cellular organisms,Eukaryota,Opisthokonta,Metazoa,Eumetazoa,Bilateria,Deuterostomia,Chordata,Craniata,Vertebrata,Gnathostomata,Teleostomi,Euteleostomi,Sarcopterygii,Dipnotetrapodomorpha,Tetrapoda,Amniota,Sauropsida,Sauria,Archelosauria,Archosauria,Dinosauria,Saurischia,Theropoda,Coelurosauria,Aves,Neognathae,Neoaves,Aequornithes,Pelecaniformes,Threskiornithidae,Platalea,,
Tringa nebularia,cellular organisms,Eukaryota,Opisthokonta,Metazoa,Eumetazoa,Bilateria,Deuterostomia,Chordata,Craniata,Vertebrata,Gnathostomata,Teleostomi,Euteleostomi,Sarcopterygii,Dipnotetrapodomorpha,Tetrapoda,Amniota,Sauropsida,Sauria,Archelosauria,Archosauria,Dinosauria,Saurischia,Theropoda,Coelurosauria,Aves,Neognathae,Neoaves,Charadriiformes,Scolopacidae,Tringa,,,
Apodemus flavicollis,cellular organisms,Eukaryota,Opisthokonta,Metazoa,Eumetazoa,Bilateria,Deuterostomia,Chordata,Craniata,Vertebrata,Gnathostomata,Teleostomi,Euteleostomi,Sarcopterygii,Dipnotetrapodomorpha,Tetrapoda,Amniota,Mammalia,Theria,Eutheria,Boreoeutheria,Euarchontoglires,Glires,Rodentia,Myomorpha,Muroidea,Muridae,Murinae,Apodemus,Sylvaemus group,,,,
Numididae,cellular organisms,Eukaryota,Opisthokonta,Metazoa,Eumetazoa,Bilateria,Deuterostomia,Chordata,Craniata,Vertebrata,Gnathostomata,Teleostomi,Euteleostomi,Sarcopterygii,Dipnotetrapodomorpha,Tetrapoda,Amniota,Sauropsida,Sauria,Archelosauria,Archosauria,Dinosauria,Saurischia,Theropoda,Coelurosauria,Aves,Neognathae,Galloanserae,Galliformes,,,,,
Myotis myotis,cellular organisms,Eukaryota,Opisthokonta,Metazoa,Eumetazoa,Bilateria,Deuterostomia,Chordata,Craniata,Vertebrata,Gnathostomata,Teleostomi,Euteleostomi,Sarcopterygii,Dipnotetrapodomorpha,Tetrapoda,Amniota,Mammalia,Theria,Eutheria,Boreoeutheria,Laurasiatheria,Chiroptera,Yangochiroptera,Vespertilionidae,Myotis,,,,,,,,
Orcinus orca,cellular organisms,Eukaryota,Opisthokonta,Metazoa,Eumetazoa,Bilateria,Deuterostomia,Chordata,Craniata,Vertebrata,Gnathostomata,Teleostomi,Euteleostomi,Sarcopterygii,Dipnotetrapodomorpha,Tetrapoda,Amniota,Mammalia,Theria,Eutheria,Boreoeutheria,Laurasiatheria,Artiodactyla,Whippomorpha,Cetacea,Odontoceti,Delphinidae,Orcinus,,,,,,
Balaenoptera acutorostrata,cellular organisms,Eukaryota,Opisthokonta,Metazoa,Eumetazoa,Bilateria,Deuterostomia,Chordata,Craniata,Vertebrata,Gnathostomata,Teleostomi,Euteleostomi,Sarcopterygii,Dipnotetrapodomorpha,Tetrapoda,Amniota,Mammalia,Theria,Eutheria,Boreoeutheria,Laurasiatheria,Artiodactyla,Whippomorpha,Cetacea,Mysticeti,Balaenopteridae,Balaenoptera,,,,,,
Eumetopias jubatus,cellular organisms,Eukaryota,Opisthokonta,Metazoa,Eumetazoa,Bilateria,Deuterostomia,Chordata,Craniata,Vertebrata,Gnathostomata,Teleostomi,Euteleostomi,Sarcopterygii,Dipnotetrapodomorpha,Tetrapoda,Amniota,Mammalia,Theria,Eutheria,Boreoeutheria,Laurasiatheria,Carnivora,Caniformia,Pinnipedia,Otariidae,Eumetopias,,,,,,,
Rhinolophus rouxii,cellular organisms,Eukaryota,Opisthokonta,Metazoa,Eumetazoa,Bilateria,Deuterostomia,Chordata,Craniata,Vertebrata,Gnathostomata,Teleostomi,Euteleostomi,Sarcopterygii,Dipnotetrapodomorpha,Tetrapoda,Amniota,Mammalia,Theria,Eutheria,Boreoeutheria,Laurasiatheria,Chiroptera,Yinpterochiroptera,Rhinolophoidea,Rhinolophidae,Rhinolophinae,Rhinolophus,,,,,,
Acinonyx jubatus,cellular organisms,Eukaryota,Opisthokonta,Metazoa,Eumetazoa,Bilateria,Deuterostomia,Chordata,Craniata,Vertebrata,Gnathostomata,Teleostomi,Euteleostomi,Sarcopterygii,Dipnotetrapodomorpha,Tetrapoda,Amniota,Mammalia,Theria,Eutheria,Boreoeutheria,Laurasiatheria,Carnivora,Feliformia,Felidae,Felinae,Acinonyx,,,,,,,
